id_news,id_cm,id_cd,id_author,id_btv
4731575,1,26,436,null
4730586,1,26,190,null
4728189,1,26,412,null
4727226,1,26,190,null
4726910,1,26,445,null
4726825,1,26,445,null
4726734,1,26,188,null
4726674,1,26,188,null
4726512,1,26,188,null
4726517,1,26,445,null
4726299,1,26,188,null
4725522,1,26,188,null
4725176,1,26,412,null
4724466,1,26,195,null
4724678,1,26,188,null
4724673,1,26,188,null
4724697,1,26,445,null
4723352,1,26,188,null
4724376,1,26,445,null
4722542,1,26,445,null
4724555,1,26,155,null
4724126,1,26,188,null
4723578,1,26,188,null
4723758,1,26,235,null
4723747,1,26,235,null
4723697,1,26,235,null
4723653,1,26,445,null
4723475,1,26,445,null
4723314,1,26,188,null
4722702,1,26,188,null
4722553,1,26,188,null
4722127,1,26,188,null
4722116,1,26,150,null
4722101,1,26,190,null
4721864,1,26,445,null
4721119,1,26,188,null
4720580,6,71,220,null
4720576,6,71,220,null
4730391,1,62,48,null
4728776,1,62,138,null
4727338,1,62,252,null
4727666,1,62,167,null
4726526,1,62,48,null
4725938,1,62,436,null
4725087,1,62,48,null
4722346,1,62,284,null
4722368,1,62,411,null
4720515,1,62,252,null
4719789,1,62,190,null
4716201,1,62,252,null
4716708,1,62,319,null
4716307,1,62,437,null
4715120,1,62,62,null
4715012,1,62,436,null
4714748,1,62,422,null
4714913,1,62,422,null
4712213,1,50,225,null
4710281,1,62,225,null
4704675,1,62,289,null
4710987,1,62,257,null
4706806,1,62,436,null
4708507,1,62,436,null
4706839,1,62,436,null
4707479,1,62,412,null
4728878,1,39,190,null
4728396,1,39,317,null
4727775,1,39,317,null
4725728,1,39,317,null
4724214,1,39,317,null
4723755,1,39,317,null
4723372,1,39,190,null
4721909,1,39,317,null
4721672,1,39,166,null
4718674,1,39,317,null
4718366,1,39,105,null
4718197,1,39,317,null
4717892,1,39,128,null
4716340,1,39,47,null
4716860,1,39,190,null
4714204,1,39,317,null
4713466,1,39,190,null
4713378,1,39,317,null
4711887,1,39,190,null
4709649,1,39,190,null
4710409,1,39,190,null
4710015,1,39,190,null
4709217,1,39,257,null
4708996,1,39,317,null
4708959,1,39,190,null
4706957,1,39,252,null
4706826,1,39,317,null
4706493,1,39,190,null
4705994,1,39,190,null
4705816,1,39,18,null
4704736,1,39,190,null
4704051,1,39,256,null
4699617,1,39,190,null
4699362,1,39,190,null
4698838,1,39,317,null
4697818,1,39,190,null
4697337,1,39,317,null
4697074,1,39,317,null
4696449,1,39,317,null
4694686,1,39,317,null
4694846,1,39,190,null
4694132,1,39,257,null
4690502,1,39,190,null
4693564,1,39,317,null
4692379,1,39,43,null
4693236,1,39,190,null
4693188,1,39,166,null
4692714,1,39,190,null
4691082,1,39,317,null
4689944,1,39,190,null
4689365,1,39,317,null
4688955,1,39,317,null
4688744,1,39,190,null
4688064,1,39,190,null
4687960,1,39,317,null
4731861,1,50,169,null
4731932,1,50,47,null
4731254,1,50,437,null
4731021,1,50,437,null
4730568,1,50,437,null
4730488,1,50,252,null
4730409,1,50,272,null
4729893,1,50,47,null
4730246,1,50,47,null
4730239,1,50,412,null
4730082,1,50,67,null
4729523,1,50,47,null
4729280,1,50,225,null
4729307,1,50,272,null
4729017,1,50,47,null
4728768,1,50,437,null
4728424,1,50,257,null
4728184,1,50,438,null
4728349,1,50,47,null
4728236,1,50,67,null
4727728,1,50,437,null
4726467,1,50,47,null
4727200,1,50,193,null
4726969,1,50,445,null
4726580,1,50,47,null
4726152,1,50,67,null
4726071,1,50,437,null
4725979,1,50,67,null
4725985,1,50,257,null
4725771,1,50,252,null
4725365,1,50,272,null
4725148,1,50,272,null
4723243,1,50,378,null
4724610,1,50,47,null
4724366,1,50,47,null
4724182,1,50,437,null
4722671,1,50,339,null
4723979,1,50,347,null
4723875,1,50,347,null
4721731,1,50,47,null
4723781,1,50,67,null
4722978,1,50,67,null
4722882,1,50,252,null
4722352,1,50,445,null
4722392,1,50,190,null
4722322,1,50,67,null
4722069,1,50,47,null
4722162,1,50,437,null
4721979,1,50,445,null
4721919,1,50,272,null
4731850,1,21,441,null
4731470,1,21,289,null
4731410,1,21,150,null
4731177,1,21,150,null
4726768,1,21,150,null
4726300,1,21,210,null
4726037,1,21,150,null
4725990,1,21,150,null
4725255,1,21,441,null
4725802,4,36,284,null
4725097,1,21,289,null
4725074,1,21,150,null
4730094,12,16,365,null
4728333,12,59,333,null
4724332,11,51,186,null
4725944,12,59,241,null
4725611,1,2,259,null
4721897,12,19,442,null
4723342,12,59,442,null
4716363,12,59,442,null
4722665,1,2,259,null
4717380,12,19,442,null
4718936,12,59,365,null
4719285,1,2,259,null
4717144,12,59,111,null
4717406,1,2,259,null
4714795,12,59,333,null
4712733,11,51,186,null
4709626,12,59,241,null
4708532,1,2,335,null
4708280,1,2,335,null
4705692,12,59,111,null
4702907,12,59,111,null
4699874,11,51,186,null
4700493,12,59,333,null
4698010,12,59,442,null
4696671,1,2,259,null
4694380,12,59,241,null
4497711,1,2,386,null
4298894,1,2,386,null
4701607,1,2,8,null
4694645,1,2,259,null
4691660,12,59,333,null
4692171,1,2,272,null
4690941,1,2,259,null
4690917,1,2,259,null
4688498,12,59,442,null
4686883,12,59,111,null
4686217,1,2,259,null
4683642,12,59,333,null
4683822,1,2,187,null
4682504,1,2,187,null
4681370,12,59,241,null
4681905,1,2,171,null
4678724,12,59,442,null
4680135,1,2,170,null
4674795,12,59,241,null
4677641,1,2,259,null
4677414,1,2,259,null
4676286,12,19,2,null
4675811,10,28,400,null
4675832,12,59,333,null
4731772,3,47,25,null
4731581,3,47,25,null
4727792,3,47,25,null
4729603,3,47,433,null
4730746,3,47,28,null
4731049,3,47,25,null
4730741,3,47,28,null
4730038,3,47,28,null
4730330,3,47,28,null
4730292,3,47,162,null
4723528,3,47,26,null
4730035,3,47,273,null
4729342,3,47,25,null
4724796,3,47,25,null
4729555,3,47,273,null
4728487,3,47,26,null
4729375,3,47,26,null
4728875,3,47,28,null
4728916,3,47,25,null
4718416,3,47,433,null
4724765,3,47,28,null
4726611,3,47,26,null
4721613,3,47,433,null
4726419,3,47,433,null
4723724,3,47,433,null
4728393,3,47,433,null
4728422,3,47,25,null
4728448,3,47,273,null
4728374,3,47,28,null
4724095,3,47,433,null
4726828,3,47,28,null
4727941,3,47,28,null
4727494,3,47,433,null
4727549,3,47,26,null
4727332,3,47,433,null
4726344,3,47,273,null
4720259,3,47,433,null
4726569,3,47,28,null
4726593,3,47,25,null
4726478,3,47,273,null
4726149,3,47,25,null
4721884,3,47,265,null
4725892,3,47,396,null
4725757,3,47,52,null
4725221,3,47,433,null
4725285,3,47,25,null
4724527,3,47,433,null
4723421,3,47,25,null
4724290,3,47,28,null
4723882,3,47,26,null
4723448,3,47,25,null
4722036,3,47,28,null
4722522,3,47,25,null
4722479,3,47,28,null
4721855,3,47,25,null
4722723,3,47,25,null
4722507,3,47,433,null
4731568,3,25,28,null
4731128,3,25,433,null
4730742,3,25,433,null
4729837,3,25,433,null
4730291,3,25,25,null
4730285,3,25,433,null
4729616,3,25,25,null
4729817,3,25,25,null
4729807,3,25,28,null
4729349,3,25,433,null
4729323,3,25,28,null
4727963,3,25,25,null
4728877,3,25,433,null
4727949,3,25,433,null
4727590,3,25,25,null
4727053,3,25,433,null
4727278,3,25,25,null
4727040,3,25,25,null
4726571,3,25,433,null
4727057,3,25,396,null
4726576,3,25,433,null
4726139,3,25,433,null
4726134,3,25,28,null
4725208,3,25,28,null
4725685,3,25,25,null
4725660,3,25,28,null
4725684,3,25,52,null
4725052,3,25,25,null
4724984,3,25,28,null
4724744,3,25,433,null
4724301,3,25,433,null
4723906,3,25,25,null
4723859,3,25,28,null
4723437,3,25,433,null
4723679,3,25,28,null
4723445,3,25,28,null
4722770,3,25,433,null
4720725,3,25,28,null
4722557,3,25,28,null
4721651,3,25,28,null
4722258,3,25,28,null
4722044,3,25,433,null
4721194,3,25,25,null
4721175,3,25,28,null
4720748,3,25,433,null
4720759,3,25,25,null
4718625,3,25,28,null
4720280,3,25,25,null
4719859,3,25,25,null
4719365,3,25,25,null
4719353,3,25,433,null
4719168,3,25,28,null
4718904,3,25,25,null
4718425,3,25,25,null
4717970,3,25,433,null
4717469,3,25,433,null
4716108,3,25,28,null
4716546,3,25,433,null
4716929,3,25,28,null
4715884,3,25,433,null
4730101,3,54,265,null
4730165,3,54,64,null
4728489,3,54,26,null
4726218,3,54,26,null
4725920,3,54,26,null
4722544,3,54,26,null
4722355,3,54,396,null
4722401,3,54,326,null
4722320,3,54,25,null
4720625,1,26,220,null
4719614,3,54,25,null
4717403,3,54,64,null
4717056,3,54,25,null
4661184,3,54,26,null
4714474,3,54,244,null
4713965,3,54,26,null
4712063,3,54,45,null
4711053,3,54,26,null
4709957,3,54,26,null
4707118,3,54,26,null
4705781,3,54,26,null
4703038,3,54,26,null
4702758,3,54,26,null
4699984,3,54,26,null
4699581,3,54,275,null
4698165,3,54,26,null
4697829,3,54,273,null
4696232,3,54,25,null
4695908,3,54,26,null
4695233,3,54,26,null
4695136,3,54,52,null
4683359,3,54,26,null
4685644,3,54,244,null
4684789,3,54,64,null
4684057,3,54,26,null
4683198,3,54,26,null
4683366,3,54,25,null
4680526,3,54,205,null
4680081,3,54,45,null
4676517,3,54,64,null
4675753,3,54,396,null
4674701,3,54,45,null
4675033,3,54,64,null
4675011,3,54,326,null
4673953,3,54,26,null
4673803,3,54,25,null
4672885,3,54,26,null
4670193,3,54,26,null
4669542,3,54,64,null
4669552,3,54,326,null
4668267,3,54,214,null
4668201,3,54,64,null
4666147,3,54,265,null
4665718,3,54,396,null
4665060,3,54,396,null
4664298,3,54,26,null
4663915,3,54,26,null
4662283,3,54,273,null
4658697,3,54,25,null
4657222,3,54,26,null
4732008,3,6,26,null
4731885,3,6,28,null
4731858,3,6,265,null
4731683,3,6,26,null
4731617,3,6,26,null
4731596,3,6,265,null
4731448,3,6,52,null
4725252,3,6,265,null
4731301,3,6,273,null
4731197,3,6,265,null
4731153,3,6,265,null
4730936,3,6,396,null
4730791,3,6,26,null
4730876,3,6,26,null
4730836,3,6,244,null
4730743,3,6,26,null
4730624,3,6,396,null
4730411,3,6,244,null
4729582,3,6,26,null
4730452,3,6,26,null
4730416,3,6,396,null
4730341,3,6,26,null
4730317,3,6,26,null
4730271,3,6,244,null
4730071,3,6,396,null
4730073,3,6,26,null
4729607,3,6,396,null
4729430,3,6,396,null
4729362,3,6,265,null
4728993,3,6,273,null
4729154,3,6,26,null
4729062,3,6,265,null
4729028,3,6,396,null
4729122,3,6,396,null
4728746,3,6,244,null
4728377,3,6,26,null
4728276,3,6,26,null
4728218,3,6,396,null
4728202,3,6,265,null
4727714,3,6,26,null
4728061,3,6,26,null
4727980,3,6,265,null
4727717,3,6,265,null
4727993,3,6,26,null
4727730,3,6,396,null
4727537,3,6,26,null
4727516,3,6,265,null
4727312,3,6,265,null
4727126,3,6,26,null
4727074,3,6,265,null
4727055,3,6,26,null
4727015,3,6,273,null
4726610,3,6,26,null
4726608,3,6,265,null
4726345,3,6,396,null
4726173,3,6,26,null
4726148,3,6,396,null
4732003,3,64,175,null
4731626,3,64,175,null
4731873,3,64,273,null
4731782,3,64,26,null
4731766,3,64,64,null
4731675,3,64,64,null
4731635,3,64,64,null
4731567,3,64,175,null
4731504,3,64,175,null
4731499,3,64,175,null
4730458,3,64,175,null
4731221,3,64,64,null
4731400,3,64,52,null
4731371,3,64,52,null
4729455,3,64,175,null
4731264,3,64,273,null
4731206,3,64,64,null
4731188,3,64,175,null
4731184,3,64,52,null
4731138,3,64,52,null
4731112,3,64,175,null
4730984,3,64,175,null
4731108,3,64,64,null
4730455,3,64,52,null
4731080,3,64,64,null
4731064,3,64,64,null
4731043,3,64,64,null
4730797,3,64,64,null
4730858,3,64,64,null
4730958,3,64,175,null
4730802,3,64,175,null
4730589,3,64,175,null
4730751,3,64,175,null
4730752,3,64,52,null
4730750,3,64,64,null
4730551,3,64,175,null
4730407,3,64,64,null
4730264,3,64,64,null
4730297,3,64,175,null
4730396,3,64,52,null
4730312,3,64,52,null
4730273,3,64,64,null
4730265,3,64,64,null
4730193,3,64,175,null
4729854,3,64,64,null
4729966,3,64,175,null
4730160,3,64,64,null
4730010,3,64,175,null
4730050,3,64,64,null
4729865,3,64,52,null
4729831,3,64,175,null
4729809,3,64,52,null
4729793,3,64,305,null
4729456,3,64,52,null
4729763,3,64,52,null
4729719,3,64,52,null
4729710,3,64,52,null
4731947,4,69,176,null
4731948,5,18,354,null
4731930,4,69,176,null
4731863,5,46,140,null
4731709,4,69,140,null
4731481,4,69,44,null
4731284,4,69,176,null
4731191,4,69,140,null
4731115,4,69,140,null
4730920,4,69,140,null
4730985,5,46,354,null
4730256,4,69,176,null
4730734,4,69,140,null
4730735,4,69,140,null
4730374,4,69,140,null
4729641,4,69,176,null
4730272,4,69,140,null
4730159,4,69,140,null
4729830,4,69,140,null
4729917,4,69,311,null
4729840,4,69,140,null
4729801,4,69,140,null
4729804,4,69,140,null
4729688,4,69,140,null
4729757,4,69,384,null
4729335,4,69,140,null
4729336,4,69,140,null
4729203,5,46,354,null
4729142,4,69,140,null
4729130,4,69,176,null
4728876,4,69,140,null
4728823,4,69,10,null
4728694,4,69,176,null
4728520,4,69,176,null
4728613,5,46,140,null
4728564,4,69,176,null
4728433,4,69,140,null
4728340,4,69,311,null
4727961,4,69,140,null
4727751,4,69,140,null
4727548,4,69,140,null
4727420,5,46,354,null
4727348,4,69,176,null
4727445,4,69,140,null
4727281,4,69,140,null
4727133,4,69,140,null
4726857,4,69,176,null
4726942,4,69,176,null
4726612,4,17,384,null
4726450,5,46,354,null
4726371,4,69,140,null
4726881,4,69,140,null
4726666,4,69,140,null
4726584,4,69,140,null
4726502,4,69,140,null
4726324,4,69,176,null
4726216,4,69,140,null
4726091,4,69,401,null
4726080,4,69,401,null
4725782,4,69,176,null
4732061,4,63,352,null
4731884,4,63,203,null
4731865,4,63,203,null
4731903,4,63,313,null
4731805,4,63,71,null
4731663,4,63,295,null
4731256,4,63,292,null
4731669,4,63,71,null
4731449,4,63,295,null
4731921,4,63,294,null
4731054,4,63,408,null
4731431,4,63,49,null
4731271,4,63,49,null
4731093,4,63,34,null
4731083,4,63,71,null
4731290,4,63,311,null
4730838,4,63,71,null
4731063,4,63,34,null
4730946,4,63,311,null
4730687,4,63,71,null
4730877,4,63,323,null
4730673,4,63,71,null
4730479,4,63,71,null
4730429,4,63,71,null
4730397,4,63,294,null
4730019,4,63,322,null
4730176,4,63,34,null
4730100,4,63,71,null
4729955,4,63,71,null
4729943,5,46,49,null
4729778,4,63,311,null
4729713,4,63,408,null
4729852,4,63,322,null
4729682,4,63,34,null
4729409,4,63,49,null
4729629,4,63,71,null
4729251,4,63,295,null
4729698,4,63,322,null
4729609,4,63,322,null
4729366,4,63,294,null
4729540,4,63,53,null
4729438,4,63,203,null
4729367,4,63,24,null
4729308,4,63,322,null
4729306,4,63,322,null
4729277,4,63,311,null
4728991,4,63,295,null
4729146,4,63,71,null
4728926,4,63,71,null
4729249,4,63,203,null
4728188,4,63,364,null
4727823,4,63,24,null
4728603,4,63,71,null
4728309,4,63,322,null
4728432,4,63,71,null
4728412,4,63,311,null
4728551,4,63,295,null
4731831,4,15,311,null
4730988,4,15,71,null
4730684,4,15,322,null
4730579,4,15,71,null
4730130,4,15,311,null
4729777,4,15,311,null
4729652,4,15,71,null
4728987,4,15,311,null
4728541,4,15,311,null
4728242,4,15,71,null
4728034,4,15,311,null
4727899,4,15,311,null
4727798,4,15,311,null
4727380,4,15,311,null
4727350,4,15,311,null
4727029,4,15,71,null
4726853,4,15,71,null
4726595,4,15,311,null
4726505,4,15,311,null
4726407,4,15,311,null
4726319,4,15,311,null
4726177,4,15,311,null
4725506,4,15,311,null
4725055,4,15,71,null
4724688,4,15,71,null
4724603,4,15,311,null
4724341,4,15,322,null
4724134,4,15,71,null
4723960,4,15,322,null
4723713,4,15,311,null
4723549,4,15,311,null
4721865,4,15,311,null
4722775,4,15,71,null
4722321,4,15,71,null
4722389,4,15,322,null
4721899,4,15,311,null
4721443,4,15,71,null
4721038,4,15,311,null
4720083,4,15,311,null
4719298,4,15,427,null
4719670,4,15,71,null
4719125,4,15,311,null
4719202,4,15,311,null
4718697,4,15,311,null
4718694,4,15,71,null
4718249,4,15,311,null
4717785,4,15,71,null
4717200,4,15,71,null
4716011,4,15,71,null
4716768,4,15,71,null
4716604,4,15,311,null
4716373,4,15,311,null
4715939,4,15,71,null
4715505,4,15,311,null
4714662,4,15,71,null
4714222,4,15,71,null
4713852,4,15,311,null
4711083,4,29,71,null
4731710,4,40,311,null
4731654,4,40,322,null
4729960,4,40,203,null
4731081,4,40,34,null
4731059,4,40,401,null
4731034,4,40,294,null
4730999,4,40,294,null
4730790,4,40,322,null
4730658,4,40,322,null
4730653,4,40,322,null
4730128,4,40,294,null
4730129,4,40,294,null
4729566,4,40,84,null
4729156,4,40,294,null
4729368,4,40,364,null
4729630,4,40,294,null
4729395,4,40,203,null
4729385,4,40,322,null
4729275,4,40,322,null
4729271,4,40,401,null
4729126,4,40,203,null
4728598,4,40,294,null
4728814,4,40,207,null
4728321,4,40,203,null
4728595,4,40,294,null
4728568,4,40,53,null
4728597,4,40,294,null
4728491,4,40,53,null
4728600,4,40,294,null
4728298,4,40,322,null
4728085,4,40,322,null
4728070,4,40,294,null
4727731,4,40,311,null
4727551,4,40,401,null
4727693,4,40,294,null
4727729,4,40,322,null
4727605,4,40,364,null
4727553,4,40,294,null
4727444,4,40,322,null
4727230,4,40,203,null
4727155,4,40,294,null
4727184,4,40,322,null
4725044,4,40,322,null
4726644,4,40,423,null
4729369,4,40,294,null
4726491,4,40,401,null
4726339,4,40,423,null
4726474,4,40,294,null
4726343,4,40,322,null
4726309,4,40,294,null
4729066,4,40,294,null
4725350,4,40,203,null
4728602,4,40,294,null
4725587,4,40,203,null
4725111,4,40,71,null
4724186,4,40,401,null
4725043,4,40,322,null
4726094,4,40,294,null
4728599,4,40,294,null
4731946,4,36,34,null
4731891,4,36,34,null
4731725,4,36,292,null
4730928,4,36,292,null
4730601,4,36,10,null
4730649,4,36,292,null
4729927,4,36,414,null
4730167,4,36,292,null
4730222,4,36,34,null
4730206,4,36,243,null
4730163,4,36,243,null
4729934,4,36,34,null
4729892,4,36,10,null
4729903,4,36,188,null
4729705,4,36,292,null
4729387,4,36,34,null
4729234,4,36,34,null
4728881,4,36,34,null
4729097,4,36,34,null
4728301,4,36,10,null
4728245,4,36,34,null
4728036,4,36,292,null
4728162,4,36,34,null
4727989,4,36,292,null
4728005,4,36,154,null
4727912,4,36,34,null
4727882,4,36,292,null
4727892,4,36,34,null
4727808,4,36,292,null
4727649,4,36,347,null
4727755,4,36,252,null
4727297,4,36,10,null
4726957,4,36,34,null
4726528,4,36,34,null
4726464,4,36,10,null
4726256,4,36,10,null
4726009,4,36,401,null
4725777,4,36,18,null
4725790,4,36,34,null
4725195,4,36,34,null
4724236,4,36,10,null
4724148,4,36,10,null
4724084,5,18,174,null
4724048,4,36,10,null
4723769,4,36,10,null
4723820,4,36,34,null
4723708,4,36,34,null
4723611,4,36,188,null
4723634,4,36,34,null
4723497,4,36,78,null
4723439,4,36,243,null
4723102,4,36,154,null
4722697,4,36,292,null
4723011,4,36,436,null
4722397,4,36,10,null
4722232,4,36,176,null
4722179,4,36,34,null
4721991,4,36,292,null
4729364,4,29,409,null
4727770,4,29,322,null
4728653,4,29,313,null
4726750,4,29,313,null
4721170,4,29,255,null
4725992,4,29,3,null
4723947,4,29,278,null
4715354,4,29,125,null
4723007,4,29,71,null
4718839,4,29,384,null
4717923,4,29,311,null
4718055,4,29,322,null
4716819,4,29,322,null
4715584,4,29,322,null
4715753,4,29,322,null
4713390,4,29,218,null
4713770,4,29,322,null
4709407,4,29,427,null
4709858,4,29,140,null
4709869,4,15,71,null
4709337,5,46,309,null
4706360,4,29,106,null
4705794,4,29,71,null
4703551,4,29,322,null
4702238,4,29,322,null
4701852,4,29,237,null
4700803,4,29,322,null
4699524,4,29,322,null
4699438,4,29,71,null
4691129,4,29,350,null
4692999,4,29,322,null
4694256,4,17,156,null
4689956,4,29,384,null
4689115,4,29,348,null
4686135,4,29,322,null
4688779,4,29,311,null
4684943,4,29,124,null
4685952,4,29,435,null
4685813,4,29,322,null
4684484,4,29,322,null
4683075,4,29,255,null
4678761,4,29,173,null
4680200,4,29,116,null
4678786,4,29,221,null
4730690,4,74,322,null
4726358,4,74,203,null
4724562,4,74,322,null
4713666,4,74,322,null
4712079,4,74,401,null
4693566,4,74,251,null
4682271,4,74,322,null
4674943,4,40,401,null
4670014,4,74,322,null
4658933,4,74,401,null
4657677,4,74,322,null
4654693,4,74,401,null
4654383,4,36,10,null
4646427,4,74,401,null
4644642,4,74,401,null
4644587,4,74,401,null
4635455,4,74,269,null
4631400,4,74,269,null
4630255,4,74,401,null
4628459,4,74,269,null
4625043,4,74,311,null
4625257,4,74,243,null
4624793,4,74,401,null
4623859,4,74,401,null
4611578,4,74,401,null
4601981,4,74,401,null
4598463,4,74,71,null
4597997,4,74,401,null
4597260,4,74,269,null
4597444,4,74,401,null
4596359,4,74,269,null
4595591,4,74,269,null
4594407,4,74,401,null
4594641,4,74,401,null
4593361,4,29,71,null
4589733,4,74,269,null
4593539,4,74,237,null
4587536,4,74,269,null
4591789,4,74,401,null
4591569,4,74,269,null
4590383,4,74,269,null
4588958,4,74,175,null
4588860,4,74,269,null
4588577,4,40,401,null
4583943,4,74,269,null
4586839,4,74,192,null
4587085,4,74,269,null
4585060,4,74,401,null
4580818,4,74,269,null
4584411,4,74,269,null
4586163,4,74,269,null
4582095,4,74,269,null
4585282,4,74,269,null
4580632,4,74,269,null
4578131,4,74,269,null
4731917,4,17,34,null
4731919,4,17,295,null
4731664,4,17,401,null
4731415,4,17,34,null
4731360,4,17,295,null
4731282,4,17,34,null
4731392,4,17,295,null
4731305,4,17,49,null
4731276,4,17,295,null
4731169,4,17,401,null
4730986,4,17,295,null
4730833,4,17,295,null
4730089,4,17,253,null
4730881,4,17,401,null
4730536,4,17,295,null
4730520,4,17,34,null
4730438,4,17,346,null
4730364,4,17,401,null
4729940,4,17,401,null
4729723,4,17,34,null
4729513,4,17,295,null
4729119,4,17,295,null
4729270,4,17,440,null
4729056,4,17,313,null
4728684,4,17,295,null
4728705,4,17,10,null
4728426,4,17,295,null
4728125,4,17,295,null
4728082,4,17,401,null
4727831,4,17,295,null
4727754,4,17,49,null
4727594,4,17,313,null
4727694,4,17,34,null
4727447,4,17,311,null
4727794,4,17,295,null
4727481,4,17,295,null
4727342,4,17,401,null
4727178,4,17,295,null
4727242,4,17,295,null
4726514,4,17,34,null
4725987,4,17,295,null
4725929,4,17,284,null
4725947,4,17,295,null
4725524,4,17,295,null
4725961,4,17,295,null
4725412,4,17,401,null
4724983,4,17,313,null
4725259,4,17,295,null
4724503,4,63,295,null
4725090,4,17,49,null
4724997,4,17,34,null
4722046,4,17,292,null
4724716,4,17,34,null
4724967,4,17,295,null
4724537,4,17,285,null
4725059,4,17,295,null
4724543,4,17,289,null
4724248,4,17,384,null
4724200,4,17,295,null
4730602,5,3,204,null
4731708,6,51,46,null
4731116,6,51,246,null
4731012,6,51,46,null
4731044,6,51,46,null
4731127,6,51,246,null
4730737,6,51,246,null
4730729,6,51,246,null
4730730,6,51,246,null
4729836,6,51,246,null
4730275,6,51,246,null
4729806,6,51,46,null
4730276,6,51,246,null
4729810,6,51,46,null
4729802,6,51,246,null
4729896,6,51,46,null
4729333,6,51,246,null
4729338,6,51,246,null
4728884,6,51,246,null
4729267,6,51,46,null
4728865,6,51,246,null
4728867,6,51,246,null
4728897,6,51,46,null
4728383,6,51,246,null
4728385,6,51,46,null
4728387,6,51,46,null
4728381,6,51,246,null
4727482,6,51,246,null
4726378,6,51,46,null
4727940,6,51,246,null
4727492,6,51,46,null
4727811,6,51,46,null
4727943,6,51,246,null
4727484,6,51,246,null
4728064,6,51,269,null
4727491,6,51,246,null
4727485,6,51,246,null
4727509,6,51,46,null
4727497,6,51,46,null
4727023,6,51,246,null
4726933,6,51,46,null
4727027,6,51,246,null
4726889,6,51,246,null
4726613,6,51,374,null
4726692,6,51,46,null
4726691,6,51,246,null
4726130,6,51,246,null
4725217,6,51,246,null
4725836,6,51,46,null
4725664,6,51,246,null
4725598,6,51,201,null
4725212,6,51,246,null
4725129,6,51,46,null
4725214,6,51,246,null
4724748,6,51,246,null
4724764,6,51,46,null
4724745,6,51,246,null
4705861,6,70,46,null
4684315,6,70,46,null
4584409,6,70,246,null
4579996,6,70,246,null
4574839,6,70,246,null
4564924,6,70,104,null
4564546,6,70,246,null
4549786,6,70,246,null
4547411,6,70,246,null
4544364,6,70,246,null
4536067,6,70,104,null
4529548,6,70,104,null
4521763,6,70,104,null
4520579,6,70,246,null
4516111,6,70,246,null
4513248,6,70,246,null
4507687,6,70,104,null
4505341,6,70,104,null
4497749,6,70,246,null
4490714,6,70,104,null
4488104,6,70,87,null
4470430,6,70,246,null
4456442,6,70,246,null
4454436,6,70,246,null
4450654,6,70,246,null
4449404,6,70,246,null
4447978,6,70,246,null
4447497,6,70,246,null
4445569,6,70,246,null
4443946,6,70,246,null
4440264,6,70,246,null
4440383,6,70,246,null
4439781,6,70,246,null
4438789,6,70,246,null
4438777,6,70,104,null
4430346,6,70,246,null
4424140,6,70,246,null
4423831,6,70,246,null
4423423,6,70,246,null
4419027,6,70,246,null
4721192,6,73,246,null
4692878,1,62,81,null
4685929,6,73,314,null
4653974,6,71,373,null
4652708,6,71,373,null
4647752,6,71,373,null
4647357,6,71,373,null
4646084,6,71,373,null
4645301,6,71,373,null
4636960,6,71,373,null
4635166,6,71,373,null
4634307,6,71,373,null
4621512,6,71,373,null
4626549,6,71,373,null
4629423,6,71,373,null
4624074,6,71,373,null
4623841,6,71,373,null
4612831,6,71,373,null
4618517,6,71,373,null
4618757,6,71,373,null
4615200,6,71,373,null
4615709,6,71,373,null
4606817,6,71,373,null
4613176,6,71,373,null
4610172,6,71,373,null
4603726,6,71,373,null
4607660,6,73,46,null
4604020,6,73,24,null
4576752,6,71,373,null
4599733,6,71,373,null
4597942,6,71,373,null
4595205,6,73,246,null
4592697,6,71,373,null
4590488,6,73,246,null
4588253,6,71,373,null
4586746,6,73,246,null
4575097,6,71,373,null
4575541,6,73,104,null
4583527,6,71,373,null
4583523,6,71,373,null
4579033,6,71,373,null
4579161,6,73,104,null
4578695,6,73,246,null
4578241,6,73,104,null
4568723,6,71,373,null
4577601,6,73,246,null
4577623,6,73,246,null
4575853,6,71,373,null
4731718,6,53,246,null
4730436,6,53,46,null
4730199,6,53,246,null
4727026,6,34,46,null
4728394,6,53,46,null
4727487,6,53,46,null
4727065,6,53,46,null
4727942,6,53,246,null
4727021,6,53,246,null
4726436,6,53,46,null
4725213,6,53,246,null
4724746,6,53,246,null
4724750,6,53,246,null
4724282,6,53,246,null
4723403,6,53,246,null
4722027,6,53,246,null
4722030,6,53,46,null
4721523,6,53,246,null
4719828,6,53,246,null
4719853,6,53,246,null
4719330,6,53,246,null
4717433,6,53,246,null
4717961,6,53,246,null
4718228,6,53,436,null
4717434,6,53,246,null
4716920,6,53,246,null
4716523,6,53,246,null
4715994,6,53,246,null
4714833,6,53,246,null
4715262,6,53,246,null
4713862,6,53,246,null
4713538,6,53,246,null
4711853,6,53,246,null
4711837,6,53,246,null
4711373,6,53,46,null
4710484,6,53,46,null
4709699,6,53,246,null
4709215,6,53,246,null
4706433,6,53,46,null
4707832,6,53,246,null
4707345,6,53,46,null
4707443,6,53,246,null
4706582,6,53,246,null
4706586,6,53,246,null
4726564,6,34,46,null
4726153,6,34,46,null
4725222,6,34,46,null
4723865,6,34,46,null
4702094,6,34,46,null
4691323,6,34,46,null
4676575,6,34,46,null
4671337,6,34,46,null
4669221,6,34,46,null
4668448,6,34,46,null
4731836,7,10,330,null
4731383,7,10,119,null
4731629,7,10,119,null
4731576,7,10,164,null
4731793,7,10,119,null
4728899,7,10,68,null
4731593,7,10,119,null
4731003,7,10,27,null
4731440,7,10,119,null
4731401,7,10,330,null
4731170,7,10,164,null
4730149,7,10,331,null
4730904,7,10,330,null
4730779,7,10,164,null
4730496,7,10,330,null
4730181,7,10,164,null
4730486,7,10,119,null
4730349,7,10,164,null
4726609,7,10,27,null
4729876,7,10,119,null
4729112,7,10,330,null
4729717,7,10,331,null
4729018,7,10,330,null
4729075,7,10,140,null
4729504,7,10,119,null
4729096,7,10,164,null
4729109,7,10,119,null
4728770,7,10,330,null
4728915,7,10,119,null
4727588,7,10,140,null
4728829,7,10,119,null
4728789,7,10,330,null
4728711,7,10,114,null
4728548,7,10,331,null
4728679,7,10,119,null
4728418,7,10,119,null
4728356,7,10,331,null
4728527,7,10,119,null
4728534,7,10,331,null
4728428,7,10,58,null
4727982,7,10,27,null
4728455,7,10,164,null
4723793,7,10,330,null
4728015,7,10,114,null
4728139,7,10,164,null
4728239,7,10,119,null
4727593,7,10,330,null
4727984,7,10,164,null
4726225,7,10,208,null
4727591,7,10,164,null
4727248,7,43,267,null
4711046,7,43,194,null
4726782,7,43,267,null
4726402,7,43,208,null
4725857,7,43,331,null
4724522,7,43,114,null
4723623,7,43,194,null
4724028,7,43,119,null
4723419,7,43,164,null
4723282,7,43,208,null
4716635,7,43,267,null
4722619,7,43,267,null
4722354,7,43,267,null
4722384,7,43,431,null
4721557,7,43,330,null
4721227,7,43,114,null
4720582,7,43,114,null
4719089,7,43,13,null
4720046,7,43,114,null
4719957,7,43,267,null
4718556,7,43,208,null
4719082,7,43,431,null
4718527,7,43,13,null
4717891,7,43,140,null
4714527,7,43,267,null
4715672,7,43,164,null
4715707,7,43,330,null
4716022,7,43,140,null
4715154,7,43,208,null
4715206,7,43,431,null
4715086,7,43,208,null
4714904,7,43,391,null
4714959,7,43,140,null
4714721,7,43,208,null
4701479,7,43,95,null
4707752,7,43,194,null
4730879,7,52,431,null
4731672,7,52,430,null
4731611,7,52,267,null
4731395,7,52,431,null
4731281,7,52,431,null
4731289,7,52,387,null
4730566,7,52,267,null
4730494,7,52,431,null
4730537,7,52,119,null
4730440,7,52,267,null
4730024,7,52,431,null
4727826,7,52,267,null
4729408,7,52,267,null
4729081,7,52,267,null
4729001,7,52,267,null
4727723,7,52,267,null
4728259,7,52,431,null
4727992,7,52,431,null
4727702,7,52,431,null
4727625,7,52,267,null
4727523,7,52,267,null
4727235,7,52,431,null
4709430,7,52,119,null
4726649,7,52,164,null
4726600,7,52,119,null
4726451,7,52,267,null
4726067,7,52,431,null
4724835,7,52,267,null
4726039,7,52,431,null
4725398,7,52,69,null
4725377,7,52,431,null
4725210,7,52,267,null
4724883,7,52,119,null
4724416,7,52,267,null
4720677,7,52,168,null
4724477,7,52,119,null
4723689,7,52,267,null
4723266,7,52,431,null
4722230,7,52,267,null
4722172,7,52,431,null
4721772,7,52,431,null
4721337,7,52,267,null
4721380,7,52,164,null
4720975,7,52,267,null
4731372,7,65,27,null
4731379,7,65,140,null
4730884,7,65,140,null
4731419,7,65,330,null
4731260,7,65,160,null
4730766,7,65,27,null
4730549,7,65,330,null
4730251,7,65,140,null
4729904,7,65,27,null
4730491,7,65,27,null
4730139,7,65,330,null
4727324,7,65,140,null
4729446,7,65,431,null
4729189,7,65,431,null
4728817,7,65,260,null
4728832,7,65,431,null
4728807,7,65,315,null
4728642,7,65,330,null
4727454,7,65,140,null
4726376,7,65,140,null
4725726,7,65,355,null
4725935,7,65,27,null
4725592,7,65,431,null
4725364,7,65,330,null
4725449,7,65,140,null
4721699,7,65,27,null
4720687,7,65,431,null
4720324,7,65,140,null
4720354,7,65,208,null
4720296,7,65,330,null
4720343,7,65,69,null
4719870,7,65,27,null
4718964,7,65,27,null
4719142,7,65,140,null
4718100,7,65,119,null
4717995,7,65,27,null
4717906,7,65,119,null
4717815,7,65,61,null
4717853,7,65,140,null
4717866,7,65,140,null
4717826,7,65,140,null
4716797,7,65,164,null
4716707,7,65,330,null
4716542,7,65,431,null
4716018,7,65,208,null
4708576,7,65,330,null
4715134,7,65,140,null
4714428,7,65,330,null
4712550,7,65,330,null
4711399,7,65,431,null
4709751,7,65,267,null
4709730,7,65,160,null
4709740,7,65,267,null
4710038,7,65,179,null
4709331,7,65,27,null
4709067,7,65,164,null
4731690,7,48,130,null
4731729,7,48,444,null
4731363,7,48,119,null
4729417,7,48,27,null
4729008,7,48,444,null
4728729,7,48,330,null
4728163,7,48,119,null
4727705,7,48,207,null
4727727,7,48,207,null
4727665,7,48,127,null
4727777,7,48,119,null
4727122,7,48,69,null
4726471,7,48,330,null
4726477,7,48,444,null
4725540,7,48,207,null
4725423,7,48,444,null
4725735,7,48,207,null
4725113,7,48,444,null
4719660,7,48,207,null
4728362,7,48,331,null
4715664,7,48,119,null
4714514,7,48,119,null
4713339,7,48,114,null
4707303,7,48,263,null
4706709,7,48,130,null
4702245,7,48,130,null
4704986,7,48,130,null
4704497,7,48,119,null
4703080,7,48,160,null
4698957,7,48,119,null
4690190,7,48,160,null
4689163,7,48,130,null
4687408,7,48,130,null
4686660,7,48,68,null
4685848,7,48,127,null
4682147,7,48,130,null
4672737,7,48,263,null
4663509,7,48,263,null
4661600,7,48,130,null
4660309,7,48,207,null
4653701,7,48,119,null
4654918,7,48,119,null
4654632,7,48,130,null
4647751,7,48,27,null
4651339,7,48,423,null
4646579,7,48,130,null
4645868,7,48,27,null
4645924,7,48,130,null
4644315,7,48,444,null
4641655,7,48,423,null
4640115,7,48,444,null
4638453,7,48,330,null
4637823,7,48,119,null
4634317,7,48,41,null
4631262,7,48,286,null
4633104,7,48,27,null
4631413,7,48,423,null
4630654,7,48,423,null
4627946,7,48,423,null
4628101,7,48,27,null
4627515,7,48,130,null
4627485,7,48,119,null
4626891,7,48,114,null
4625527,7,48,69,null
4622746,7,48,130,null
4732022,7,44,208,null
4731728,7,44,208,null
4731422,7,44,208,null
4730844,7,44,114,null
4730573,7,44,208,null
4730014,7,44,208,null
4728283,7,44,208,null
4727726,7,44,114,null
4728493,7,44,208,null
4727902,7,44,431,null
4726348,7,44,114,null
4723588,7,44,164,null
4723665,7,44,431,null
4722858,7,44,114,null
4722171,7,44,208,null
4721701,7,44,267,null
4720906,7,44,208,null
4721139,7,44,272,null
4717609,7,44,431,null
4716795,7,44,208,null
4715138,7,44,119,null
4714467,7,44,160,null
4714157,7,44,190,null
4713389,7,44,164,null
4713375,7,44,431,null
4713183,7,44,431,null
4712616,7,44,208,null
4711667,7,44,119,null
4709488,7,44,114,null
4710704,7,44,119,null
4710650,7,44,140,null
4708589,7,44,431,null
4710748,7,44,140,null
4704491,7,44,208,null
4709002,7,44,114,null
4709013,7,44,208,null
4708425,7,44,27,null
4707890,7,44,119,null
4708031,7,44,431,null
4704164,7,44,208,null
4707438,7,44,140,null
4705769,7,44,114,null
4704161,7,44,164,null
4706260,7,44,208,null
4706308,7,44,431,null
4705032,7,44,114,null
4731960,8,24,36,null
4731974,8,24,36,null
4731972,8,24,118,null
4731967,8,24,118,null
4731915,8,24,36,null
4731965,8,24,118,null
4731962,8,24,118,null
4731167,8,24,318,null
4731896,8,24,36,null
4731678,8,24,118,null
4731934,8,24,158,null
4731491,8,24,288,null
4731378,8,24,36,null
4731375,8,24,118,null
4731348,8,24,357,null
4731235,8,24,385,null
4731070,8,24,318,null
4731041,8,24,318,null
4730856,8,24,302,null
4730595,8,24,50,null
4730352,8,24,288,null
4730642,8,24,288,null
4730369,8,24,158,null
4730268,8,24,36,null
4730261,8,24,36,null
4730662,8,24,129,null
4730143,8,24,36,null
4729776,8,24,318,null
4729937,8,24,158,null
4729905,8,24,118,null
4729738,8,24,318,null
4729781,8,24,36,null
4729392,8,24,318,null
4729363,8,24,118,null
4729114,8,24,318,null
4729317,8,24,118,null
4729022,8,24,318,null
4729178,8,24,158,null
4729118,8,24,288,null
4729263,8,24,288,null
4729051,8,24,36,null
4729059,8,24,118,null
4728855,8,24,118,null
4728850,8,24,36,null
4721758,8,24,118,null
4725948,8,24,118,null
4728629,8,24,36,null
4728537,8,24,288,null
4728560,8,24,121,null
4728307,8,24,121,null
4728256,8,58,403,null
4727906,8,24,50,null
4727925,8,58,318,null
4727645,8,24,36,null
4731866,8,51,118,null
4731834,8,51,197,null
4728854,8,51,236,null
4730039,8,38,314,null
4729724,8,57,197,null
4730941,8,51,6,null
4730703,8,51,118,null
4731952,8,27,357,null
4731590,8,27,357,null
4731344,8,27,357,null
4730722,8,27,357,null
4730398,8,27,357,null
4730368,8,27,357,null
4729784,8,27,357,null
4728810,8,27,357,null
4728925,8,27,357,null
4728367,8,27,357,null
4727972,8,27,357,null
4727861,8,27,357,null
4727745,8,27,357,null
4727400,8,27,357,null
4727105,8,27,357,null
4726840,8,27,357,null
4726200,8,27,357,null
4726220,8,27,357,null
4725296,8,27,357,null
4724894,8,27,357,null
4724809,8,58,357,null
4724497,8,27,357,null
4724267,8,27,357,null
4724250,8,27,118,null
4723920,8,27,357,null
4723517,8,27,357,null
4723501,8,27,357,null
4723397,8,27,357,null
4723290,8,27,357,null
4723002,8,27,357,null
4722782,8,27,357,null
4722227,8,27,357,null
4722208,8,27,357,null
4721972,8,27,357,null
4721635,8,27,357,null
4721549,8,27,357,null
4721529,8,27,357,null
4721298,8,27,357,null
4720787,8,27,357,null
4720701,8,27,357,null
4719926,8,27,357,null
4719618,8,27,357,null
4719479,8,27,357,null
4719090,8,27,357,null
4719086,8,27,357,null
4718574,8,27,357,null
4718516,8,27,357,null
4718125,8,27,357,null
4718120,8,27,357,null
4717955,8,27,357,null
4717123,8,27,357,null
4717046,8,27,357,null
4716677,8,27,357,null
4716697,8,27,357,null
4716368,8,27,357,null
4716253,8,27,357,null
4715817,8,27,357,null
4715795,8,27,357,null
4715326,8,27,357,null
4715311,8,27,357,null
4731745,8,31,302,null
4731910,8,31,227,null
4731507,8,31,65,null
4731457,8,31,227,null
4731458,8,31,227,null
4731302,8,31,302,null
4731286,8,31,227,null
4730169,8,31,251,null
4731102,8,31,118,null
4730944,8,31,227,null
4730894,8,31,302,null
4730596,8,31,227,null
4730584,8,31,302,null
4730477,8,31,227,null
4730125,8,31,121,null
4729967,8,31,288,null
4729869,8,31,50,null
4730142,8,31,227,null
4729898,8,31,50,null
4729716,8,31,288,null
4729541,8,31,288,null
4729644,8,31,227,null
4729615,8,31,302,null
4728721,8,31,50,null
4728767,8,31,227,null
4728766,8,31,227,null
4728574,8,31,50,null
4728639,8,31,227,null
4728637,8,31,227,null
4728052,8,31,50,null
4727895,8,31,302,null
4727443,8,31,50,null
4727599,8,31,302,null
4727349,8,31,110,null
4727403,8,51,227,null
4726784,8,31,227,null
4726765,8,31,50,null
4726411,8,31,50,null
4726417,8,31,50,null
4726393,8,31,65,null
4726413,8,31,227,null
4726115,8,31,50,null
4726108,8,31,50,null
4726100,8,31,50,null
4726492,8,31,302,null
4726056,8,31,50,null
4726014,8,31,50,null
4726002,8,58,118,null
4725901,8,31,50,null
4725712,8,31,50,null
4725847,8,31,227,null
4725846,8,31,227,null
4724531,8,31,263,null
4725415,8,31,227,null
4725262,8,31,50,null
4725258,8,31,302,null
4725123,8,31,412,null
4731374,8,58,118,null
4730228,8,58,118,null
4729959,8,58,318,null
4729703,8,58,318,null
4729316,8,58,118,null
4728310,8,58,118,null
4727498,8,58,318,null
4726554,8,58,118,null
4726391,8,58,121,null
4726038,8,58,288,null
4726031,8,58,118,null
4725999,8,58,118,null
4725906,8,58,296,null
4725382,8,58,118,null
4725000,8,24,158,null
4724671,8,58,318,null
4724676,8,58,121,null
4724253,8,24,118,null
4724271,8,58,118,null
4721992,8,58,121,null
4721851,8,58,288,null
4719584,8,58,318,null
4719258,8,58,318,null
4717432,8,58,36,null
4717334,8,58,121,null
4716548,8,58,118,null
4715720,8,58,118,null
4715603,8,58,318,null
4714819,8,58,118,null
4714692,8,58,318,null
4714759,8,58,36,null
4714744,8,58,118,null
4714543,8,58,118,null
4714329,8,58,118,null
4713953,8,58,35,null
4713611,8,58,288,null
4713470,8,24,121,null
4713133,8,58,118,null
4713101,8,58,121,null
4712694,8,58,129,null
4711937,8,31,118,null
4711550,8,58,288,null
4711395,8,58,118,null
4710999,8,58,296,null
4731944,10,55,400,null
4731933,10,51,346,null
4731759,10,51,38,null
4731498,10,51,222,null
4730821,10,51,182,null
4731443,10,51,222,null
4731096,10,55,181,null
4730863,10,51,181,null
4731325,10,55,400,null
4731182,10,51,394,null
4730923,10,51,389,null
4731060,10,51,222,null
4730987,10,51,394,null
4730981,10,51,400,null
4730778,10,55,400,null
4730699,10,55,400,null
4730657,10,55,400,null
4730512,10,51,394,null
4730475,10,51,222,null
4730242,10,51,222,null
4730127,10,51,389,null
4730033,10,51,181,null
4730197,10,51,155,null
4730077,10,51,400,null
4729803,10,51,181,null
4729649,10,51,362,null
4729880,10,51,38,null
4729821,10,51,24,null
4729702,10,55,400,null
4729437,10,51,178,null
4728994,10,51,400,null
4729746,10,51,181,null
4729645,10,55,400,null
4729704,10,51,178,null
4729693,10,51,289,null
4729518,10,51,389,null
4729172,10,51,389,null
4729235,10,55,181,null
4728717,10,55,222,null
4729013,10,51,193,null
4728818,10,51,181,null
4728252,10,51,38,null
4728519,10,51,375,null
4728168,10,51,346,null
4726988,10,51,224,null
4728486,10,51,181,null
4728473,10,51,394,null
4728253,10,51,398,null
4728314,10,51,346,null
4728084,10,55,181,null
4727632,10,51,394,null
4728316,10,51,181,null
4728183,10,51,332,null
4726962,10,51,24,null
4727871,10,51,178,null
4727776,10,55,400,null
4727810,10,51,178,null
4727796,10,51,394,null
4731340,10,7,229,null
4730993,10,7,181,null
4731232,10,28,222,null
4730154,10,61,229,null
4731308,10,7,291,null
4729939,10,7,400,null
4730032,10,7,222,null
4729432,10,7,222,null
4729029,10,7,222,null
4728846,10,7,400,null
4728607,10,7,222,null
4728678,10,28,394,null
4728241,10,28,389,null
4727664,10,28,368,null
4724072,10,7,222,null
4726427,10,28,222,null
4726534,10,28,379,null
4726076,10,7,222,null
4725179,10,28,222,null
4723804,10,7,222,null
4724419,10,28,400,null
4719296,10,28,368,null
4722652,10,7,222,null
4723016,10,28,394,null
4722456,10,28,222,null
4722326,10,28,400,null
4721966,10,28,368,null
4721031,10,28,222,null
4717095,10,7,198,null
4720397,10,28,222,null
4719892,10,28,222,null
4719055,10,7,368,null
4719156,10,7,222,null
4719100,10,28,307,null
4718657,10,28,24,null
4717822,10,28,222,null
4717688,10,61,181,null
4716578,10,7,222,null
4715788,10,28,222,null
4714794,10,7,222,null
4715527,10,28,394,null
4715168,10,28,394,null
4713713,10,7,229,null
4714276,10,28,400,null
4713765,10,28,222,null
4713782,10,28,222,null
4712741,10,7,222,null
4711742,10,7,222,null
4711419,10,7,222,null
4710284,10,28,181,null
4709606,10,28,181,null
4708539,10,28,394,null
4710237,10,28,400,null
4705932,10,7,222,null
4709656,10,28,181,null
4709179,10,7,368,null
4708081,10,28,394,null
4707337,10,28,368,null
4706438,10,28,181,null
4730158,10,7,207,null
4730558,10,7,222,null
4730052,10,7,389,null
4730151,10,7,389,null
4728414,10,7,229,null
4727641,10,7,222,null
4728165,10,7,375,null
4726931,10,7,375,null
4727313,10,7,389,null
4727258,10,7,229,null
4727076,10,7,181,null
4727315,10,7,389,null
4725512,10,7,24,null
4724601,10,7,229,null
4725475,10,7,222,null
4725335,10,7,229,null
4725578,10,7,389,null
4724492,10,7,222,null
4723565,10,7,38,null
4723544,10,7,222,null
4723502,3,6,26,null
4721473,10,7,229,null
4721956,10,7,432,null
4721209,10,7,389,null
4721032,10,7,389,null
4720509,10,51,220,null
4720187,10,7,389,null
4719384,10,7,400,null
4718682,10,7,222,null
4720057,10,7,389,null
4718686,10,7,432,null
4717706,10,7,229,null
4717619,10,7,394,null
4718031,10,7,38,null
4716715,10,7,222,null
4716969,10,7,24,null
4725519,10,55,394,null
4725300,10,55,14,null
4724363,10,51,181,null
4723376,10,51,224,null
4721458,10,51,343,null
4722343,10,51,394,null
4720872,10,55,222,null
4719646,10,51,181,null
4720131,10,55,181,null
4719790,10,51,394,null
4718930,10,51,212,null
4715789,10,51,400,null
4716432,10,13,400,null
4715936,10,51,11,null
4715596,10,13,212,null
4715420,10,51,394,null
4714931,10,51,349,null
4713808,10,13,424,null
4706102,10,13,393,null
4704983,10,13,14,null
4698004,10,13,270,null
4691522,10,13,16,null
4692674,10,13,270,null
4692033,10,51,181,null
4687134,10,13,394,null
4689363,10,13,222,null
4685795,10,13,222,null
4683972,10,13,113,null
4682857,10,13,360,null
4680717,10,13,400,null
4679494,10,13,224,null
4678697,10,13,181,null
4677073,10,13,226,null
4672642,10,13,14,null
4673277,10,13,400,null
4673013,10,13,181,null
4671855,10,13,181,null
4670726,10,13,222,null
4670733,10,13,240,null
4669483,10,13,14,null
4669910,10,13,400,null
4668148,10,13,400,null
4667149,10,13,389,null
4665395,10,13,99,null
4667312,10,13,400,null
4667723,10,13,394,null
4665828,10,13,394,null
4664118,10,13,394,null
4663483,10,13,400,null
4659644,10,13,400,null
4657224,10,13,249,null
4657897,10,13,213,null
4657702,10,13,394,null
4657361,10,13,181,null
4655400,10,13,394,null
4731532,10,61,56,null
4729685,10,61,31,null
4731185,10,61,353,null
4730188,10,61,239,null
4730585,10,61,54,null
4729598,10,61,24,null
4728723,10,61,56,null
4728722,10,61,56,null
4728289,10,61,100,null
4727247,10,61,304,null
4726370,10,61,56,null
4725884,10,61,56,null
4725145,10,61,380,null
4724327,10,61,31,null
4723965,10,61,389,null
4722426,10,61,442,null
4721432,10,61,38,null
4721334,10,61,56,null
4721321,10,61,56,null
4720327,10,61,442,null
4720051,10,61,56,null
4718577,10,61,304,null
4718295,10,61,31,null
4717546,10,61,31,null
4715974,10,61,442,null
4714977,10,61,56,null
4713700,10,61,56,null
4712885,10,61,56,null
4712618,10,61,439,null
4711821,10,61,31,null
4709952,10,61,342,null
4711411,10,61,56,null
4709501,10,61,368,null
4710991,10,61,56,null
4707973,10,61,368,null
4710297,10,61,56,null
4710582,10,61,31,null
4710285,10,61,31,null
4710008,10,61,31,null
4708914,10,61,442,null
4708119,10,61,56,null
4707877,10,61,389,null
4706660,10,61,229,null
4707323,10,61,31,null
4706762,10,61,31,null
4705866,10,61,17,null
4704601,10,61,442,null
4700988,10,61,38,null
4703593,10,61,222,null
4703276,10,61,56,null
4703120,10,61,31,null
4697560,10,61,408,null
4701384,10,61,304,null
4701385,10,61,56,null
4700941,10,61,31,null
4700599,10,61,56,null
4700014,10,61,56,null
4731702,10,30,276,null
4728134,10,30,276,null
4726904,10,30,131,null
4726619,10,30,131,null
4724971,10,30,265,null
4722527,10,30,276,null
4721857,10,30,131,null
4720281,10,30,131,null
4719510,10,30,276,null
4718226,10,30,131,null
4657920,10,30,83,null
4657696,10,30,108,null
4655896,10,30,83,null
4653623,10,30,276,null
4650561,10,30,59,null
4649971,10,30,24,null
4648421,10,30,276,null
4648420,10,30,276,null
4648056,10,30,276,null
4645535,10,30,276,null
4645823,10,30,131,null
4645650,10,30,276,null
4645524,10,30,276,null
4645329,10,30,316,null
4643344,10,30,83,null
4643275,10,30,131,null
4642823,10,30,131,null
4642388,10,30,276,null
4641680,10,30,131,null
4640360,10,30,329,null
4640455,10,30,327,null
4639736,10,30,316,null
4639278,10,30,276,null
4638790,10,30,83,null
4637399,10,30,108,null
4637398,10,30,131,null
4637203,10,30,329,null
4636084,10,30,131,null
4635186,10,30,329,null
4635185,10,30,59,null
4634741,10,30,276,null
4633791,10,30,59,null
4632909,10,30,276,null
4632316,10,30,329,null
4631905,10,30,276,null
4631642,10,30,59,null
4630747,10,30,59,null
4629325,10,30,131,null
4628103,10,30,131,null
4628204,10,30,131,null
4627953,10,30,276,null
4626484,10,30,329,null
4626399,10,30,327,null
4625125,10,30,59,null
4623794,10,30,276,null
4622841,10,30,287,null
4623279,10,30,59,null
4622288,10,30,108,null
4620992,10,30,404,null
4620506,10,30,108,null
4730331,11,51,186,null
4729828,11,51,209,null
4731830,11,51,4,null
4731895,11,51,425,null
4731869,11,51,445,null
4731841,11,51,4,null
4731732,11,51,186,null
4731691,11,51,284,null
4731471,11,51,425,null
4731047,11,51,323,null
4731475,11,51,183,null
4731452,11,51,183,null
4731418,11,51,425,null
4731268,11,35,183,null
4731267,11,51,4,null
4731335,11,51,209,null
4731319,11,51,174,null
4731310,11,51,209,null
4731246,11,51,183,null
4731126,11,51,186,null
4731181,11,51,425,null
4731132,11,51,186,null
4731028,11,51,405,null
4731051,11,51,230,null
4731036,11,51,209,null
4730960,11,51,425,null
4730964,11,51,272,null
4730878,11,51,183,null
4730898,11,51,272,null
4730798,11,51,174,null
4730842,11,51,443,null
4730800,11,51,4,null
4730688,11,51,183,null
4730701,11,51,190,null
4730557,11,51,186,null
4729160,11,51,186,null
4730675,11,51,4,null
4730395,11,51,405,null
4730671,11,51,183,null
4730571,11,51,425,null
4730519,11,51,183,null
4730495,11,51,425,null
4730485,11,51,425,null
4730489,11,51,425,null
4730244,11,51,209,null
4730003,11,51,4,null
4730231,11,51,425,null
4730408,11,51,183,null
4729054,11,51,323,null
4730217,11,51,425,null
4730036,11,51,425,null
4730086,11,51,4,null
4730034,11,51,37,null
4729983,11,51,346,null
4729974,11,51,183,null
4727845,11,60,323,null
4721666,11,60,323,null
4722851,11,60,304,null
4723579,11,60,269,null
4722133,11,60,323,null
4721717,11,60,323,null
4720660,11,60,186,null
4718944,11,60,323,null
4718799,11,60,183,null
4717856,11,60,186,null
4715752,11,60,186,null
4716286,11,60,405,null
4713056,11,60,405,null
4714104,11,60,229,null
4713265,11,60,304,null
4713180,11,60,186,null
4713223,11,60,304,null
4712921,11,60,229,null
4712782,11,60,209,null
4710777,11,60,405,null
4709210,11,60,186,null
4708870,11,60,229,null
4708594,11,60,304,null
4706443,11,60,405,null
4706708,11,60,186,null
4707565,11,60,4,null
4707316,11,60,4,null
4703636,11,60,9,null
4707120,11,60,405,null
4706531,11,60,304,null
4706412,11,60,405,null
4700551,11,60,209,null
4701753,11,60,304,null
4701642,11,60,4,null
4701212,11,60,304,null
4700745,11,60,304,null
4700577,11,60,425,null
4700132,11,60,53,null
4699383,11,60,304,null
4699384,11,60,304,null
4698971,11,60,304,null
4697069,11,60,21,null
4693822,11,60,304,null
4691289,11,60,251,null
4693170,11,60,425,null
4692948,11,60,186,null
4691776,11,60,4,null
4688901,11,60,301,null
4689895,11,60,304,null
4687041,11,35,186,null
4683672,11,60,301,null
4680980,11,60,269,null
4679131,11,60,405,null
4677256,11,60,405,null
4731636,11,14,4,null
4725756,11,14,405,null
4730358,11,14,209,null
4730883,11,14,4,null
4730422,11,14,4,null
4730179,11,14,323,null
4730334,11,14,66,null
4730454,11,14,4,null
4729514,11,14,4,null
4729002,11,14,263,null
4726250,11,14,367,null
4728665,11,14,304,null
4726144,11,14,405,null
4727123,11,14,263,null
4720124,11,14,263,null
4726615,11,14,304,null
4726618,11,14,304,null
4725669,11,14,186,null
4725124,11,14,323,null
4725688,11,14,209,null
4725192,11,14,405,null
4723462,11,14,186,null
4723496,11,14,323,null
4723945,11,14,323,null
4724181,11,14,4,null
4724114,11,14,263,null
4722881,11,14,405,null
4721839,11,14,263,null
4722854,11,14,304,null
4722856,11,14,304,null
4722365,11,14,263,null
4714019,11,14,323,null
4722299,11,14,405,null
4720538,11,14,323,null
4722370,11,14,263,null
4722120,11,14,4,null
4721830,11,14,209,null
4720760,11,14,186,null
4721650,11,14,229,null
4720960,11,14,405,null
4721114,11,14,304,null
4720818,11,14,323,null
4720338,11,14,304,null
4720081,11,14,4,null
4720117,11,14,4,null
4720135,11,14,263,null
4719088,11,14,4,null
4718996,11,14,4,null
4718356,11,14,4,null
4717059,11,14,186,null
4718134,11,14,263,null
4718291,11,14,263,null
4716371,11,14,323,null
4717893,11,14,323,null
4716848,11,14,405,null
4715997,11,14,323,null
4716594,11,14,4,null
4714416,11,14,186,null
4726506,11,35,405,null
4728894,11,23,425,null
4730180,11,23,144,null
4718290,11,23,144,null
4726508,11,35,405,null
4725640,11,23,209,null
4726661,11,35,405,null
4726837,11,51,425,null
4723316,11,51,183,null
4723615,11,51,425,null
4722262,11,51,405,null
4719519,11,35,425,null
4717082,11,51,425,null
4714034,11,51,186,null
4713262,11,35,183,null
4712591,11,23,199,null
4712505,11,23,351,null
4711631,11,51,186,null
4710559,11,35,183,null
4710557,11,51,183,null
4703672,11,23,4,null
4692743,11,35,183,null
4684369,11,23,425,null
4683410,11,23,304,null
4683404,11,23,304,null
4682409,11,23,4,null
4681402,11,23,351,null
4679359,11,23,405,null
4679523,11,23,4,null
4651734,11,51,186,null
4670500,11,51,183,null
4666229,11,23,425,null
4664986,11,51,183,null
4650346,11,23,186,null
4649008,11,35,183,null
4647832,11,23,4,null
4646584,11,23,144,null
4645727,11,23,144,null
4643661,11,14,4,null
4639769,11,14,405,null
4638951,11,14,4,null
4638272,11,23,405,null
4638156,11,23,405,null
4731433,11,35,425,null
4724520,11,35,405,null
4731172,11,35,250,null
4729144,11,35,405,null
4731674,12,16,258,null
4731425,12,16,65,null
4731409,12,16,65,null
4731391,12,16,65,null
4730943,12,16,65,null
4730337,12,16,258,null
4730021,12,16,442,null
4730636,12,16,426,null
4730259,12,16,111,null
4730327,12,16,189,null
4729973,12,16,258,null
4729639,12,16,65,null
4729658,12,16,111,null
4729468,12,16,65,null
4728378,12,16,407,null
4728546,12,16,241,null
4728484,12,16,65,null
4728353,12,16,189,null
4728585,12,16,442,null
4728136,12,16,65,null
4728066,12,16,407,null
4727651,12,16,65,null
4726926,12,16,321,null
4727791,12,16,65,null
4727689,12,16,111,null
4727677,12,16,111,null
4727398,12,16,65,null
4726852,12,16,111,null
4727344,12,16,65,null
4726831,12,16,111,null
4726479,12,16,426,null
4726801,12,16,111,null
4726735,12,16,65,null
4725120,12,16,241,null
4726013,12,16,65,null
4725079,12,16,241,null
4725581,12,16,111,null
4724944,12,16,65,null
4724941,12,16,111,null
4724426,12,16,407,null
4724650,12,16,111,null
4724594,12,16,426,null
4721789,12,16,111,null
4724192,12,16,426,null
4724207,12,16,442,null
4724050,12,16,111,null
4722803,12,16,241,null
4722315,12,16,407,null
4722895,12,16,407,null
4730546,12,59,365,null
4731354,12,59,189,null
4731394,12,59,258,null
4730563,12,59,333,null
4731218,12,59,258,null
4731099,12,59,77,null
4725234,12,59,189,null
4730787,12,59,250,null
4729750,12,59,407,null
4729775,12,59,2,null
4729351,12,59,407,null
4729196,12,59,258,null
4729032,12,59,189,null
4729024,12,59,258,null
4726781,12,59,111,null
4728108,12,59,294,null
4727483,12,59,407,null
4726684,12,59,365,null
4726846,12,59,258,null
4726606,12,59,333,null
4724105,12,59,407,null
4725801,12,59,258,null
4725808,12,59,258,null
4725980,12,59,65,null
4725833,12,59,189,null
4721916,12,59,241,null
4725739,12,59,407,null
4721781,12,59,333,null
4724909,12,59,111,null
4724432,12,59,365,null
4721712,12,59,365,null
4723749,12,59,77,null
4723178,12,59,258,null
4723258,12,59,258,null
4720883,12,59,365,null
4722993,12,59,189,null
4722757,12,59,189,null
4722713,12,59,258,null
4722226,12,59,111,null
4721086,12,59,77,null
4720652,12,59,189,null
4715190,12,59,241,null
4719696,12,59,365,null
4716610,12,59,365,null
4718685,12,59,77,null
4718367,12,59,111,null
4715545,12,59,310,null
4717681,12,59,258,null
4717503,12,59,365,null
4717419,12,59,111,null
4716983,12,59,189,null
4717112,12,59,407,null
4717060,12,59,407,null
4731832,12,19,426,null
4728986,12,19,408,null
4731166,12,19,407,null
4730218,12,19,241,null
4730435,12,19,77,null
4730650,12,19,77,null
4730421,12,19,258,null
4729515,12,19,77,null
4727762,12,19,111,null
4725874,12,19,165,null
4728086,12,19,322,null
4726983,12,19,333,null
4727994,12,19,365,null
4728212,12,19,189,null
4721931,12,19,323,null
4727019,12,19,407,null
4721933,12,19,323,null
4721934,12,19,323,null
4726423,12,19,301,null
4725989,12,19,65,null
4725013,12,19,436,null
4721935,12,19,323,null
4725298,12,19,258,null
4725100,12,19,165,null
4725002,12,19,258,null
4724919,12,19,77,null
4724619,12,19,408,null
4721936,12,19,323,null
4723948,12,19,189,null
4724480,12,19,426,null
4724646,12,19,408,null
4721937,12,19,323,null
4722989,12,19,365,null
4724004,12,19,258,null
4723499,12,19,407,null
4723364,12,19,189,null
4721938,12,19,323,null
4722630,12,19,258,null
4723054,12,19,189,null
4722824,12,19,77,null
4721940,12,19,323,null
4722341,12,19,426,null
4721902,12,19,77,null
4721900,12,19,426,null
4720308,12,19,333,null
4721800,12,19,204,null
4721465,12,19,426,null
4721066,12,19,426,null
4719404,12,19,364,null
4720633,12,19,252,null
4720599,12,19,258,null
4720510,12,19,407,null
4720160,12,19,407,null
4717535,12,19,241,null
4720331,12,19,364,null
4719276,12,19,111,null
4729683,12,20,408,null
4729245,12,20,53,null
4726251,12,20,364,null
4728704,12,20,189,null
4727203,12,20,245,null
4728001,12,20,24,null
4727608,12,20,189,null
4727757,12,20,87,null
4727353,12,20,408,null
4727566,12,20,407,null
4725570,12,20,53,null
4724892,12,20,294,null
4722868,12,20,407,null
4725850,12,20,24,null
4724879,12,20,53,null
4722746,12,20,294,null
4722748,12,20,258,null
4721941,12,20,53,null
4721996,12,20,189,null
4721750,12,20,258,null
4720810,12,20,207,null
4719877,12,20,408,null
4720275,12,20,423,null
4719031,12,20,207,null
4717881,12,20,189,null
4716447,12,20,407,null
4718130,12,20,245,null
4717329,12,20,207,null
4716445,12,20,407,null
4715146,12,20,258,null
4715865,12,20,408,null
4715784,12,20,179,null
4714981,12,20,189,null
4715033,12,20,53,null
4714585,12,20,77,null
4714109,12,20,207,null
4713273,12,20,189,null
4712841,12,20,408,null
4712331,12,20,189,null
4712351,12,20,189,null
4709317,12,20,207,null
4709913,12,20,207,null
4710829,12,20,189,null
4710487,12,20,407,null
4710510,12,20,207,null
4709297,12,20,408,null
4709355,12,20,65,null
4709432,12,20,364,null
4706878,12,20,408,null
4731587,13,9,243,null
4731614,13,9,146,null
4731148,13,9,126,null
4728737,13,9,368,null
4730896,13,9,146,null
4731222,13,9,146,null
4730652,13,9,146,null
4730054,13,9,269,null
4729729,13,9,314,null
4729206,13,9,24,null
4729004,13,9,269,null
4728512,13,9,146,null
4726409,13,51,146,null
4728215,13,9,243,null
4727172,13,9,381,null
4727960,13,9,269,null
4727844,13,9,204,null
4727505,13,9,254,null
4726868,13,9,243,null
4726727,13,9,115,null
4727561,13,9,408,null
4726438,13,9,428,null
4725071,13,51,146,null
4726976,13,9,126,null
4726362,13,9,269,null
4727080,13,9,204,null
4724579,13,9,269,null
4726320,13,4,166,null
4721004,13,4,231,null
4731429,13,67,366,null
4731178,13,51,368,null
4729194,13,67,30,null
4729105,13,67,146,null
4728041,13,67,269,null
4727369,13,67,269,null
4727190,13,67,146,null
4723073,13,67,136,null
4723064,13,67,146,null
4722832,13,67,408,null
4719798,13,9,422,null
4718193,13,67,146,null
4713880,13,67,126,null
4713194,13,67,243,null
4712518,13,51,243,null
4711389,13,51,243,null
4709062,13,67,366,null
4709347,13,67,243,null
4708999,13,67,146,null
4707905,13,67,243,null
4707494,13,67,243,null
4705573,13,67,243,null
4704502,13,67,243,null
4703046,13,67,243,null
4701531,13,67,146,null
4700388,13,67,146,null
4699001,13,51,243,null
4698818,13,67,146,null
4725103,13,4,30,null
4728726,13,4,265,null
4728588,13,4,243,null
4727502,13,4,243,null
4725897,13,4,243,null
4725050,13,4,243,null
4723157,13,4,243,null
4719303,13,51,264,null
4718693,13,4,146,null
4718624,13,4,366,null
4718103,13,4,12,null
4715498,13,4,366,null
4715589,13,4,30,null
4716321,13,4,243,null
4716130,13,4,243,null
4702442,13,9,363,null
4715347,13,4,408,null
4714792,13,4,243,null
4713805,13,4,200,null
4713977,13,4,243,null
4712789,13,4,30,null
4712387,13,4,63,null
4712448,13,4,243,null
4711402,13,4,243,null
4711090,13,4,12,null
4708868,13,4,243,null
4706743,13,4,30,null
4704852,13,4,366,null
4704877,13,4,243,null
4703985,13,4,243,null
4698712,13,4,217,null
4701157,13,4,243,null
4700860,13,4,358,null
4689747,13,4,217,null
4697475,13,4,368,null
4696079,13,4,368,null
4693043,13,4,30,null
4731798,14,22,374,null
4731950,14,22,232,null
4731464,14,22,282,null
4731874,14,22,232,null
4731853,14,22,232,null
4731535,14,22,22,null
4731577,14,22,232,null
4708158,14,22,232,null
4731536,14,22,22,null
4731334,14,22,282,null
4731164,14,22,374,null
4731671,14,22,294,null
4731411,14,22,282,null
4731405,14,22,282,null
4731314,14,22,282,null
4731247,14,22,328,null
4731161,14,22,282,null
4731101,14,22,232,null
4730696,14,22,374,null
4731077,14,22,211,null
4731031,14,22,232,null
4730841,14,22,374,null
4730809,14,22,374,null
4730709,14,22,22,null
4730367,14,22,282,null
4730383,14,22,374,null
4730350,14,22,374,null
4730318,14,22,374,null
4730067,14,22,374,null
4729765,14,22,22,null
4729901,14,22,374,null
4729748,14,22,232,null
4729845,14,22,374,null
4729219,14,22,22,null
4729421,14,22,132,null
4729310,14,22,22,null
4729453,14,22,282,null
4729315,14,22,232,null
4729353,14,22,374,null
4729155,14,22,374,null
4729312,14,22,232,null
4728904,14,22,374,null
4727784,14,22,374,null
4728796,14,22,12,null
4728628,14,22,232,null
4728745,14,22,12,null
4728709,14,22,12,null
4728623,14,22,12,null
4728467,14,22,328,null
4728334,14,22,282,null
4728490,14,22,328,null
4728331,14,22,282,null
4727451,14,22,374,null
4728020,14,22,282,null
4727898,14,22,374,null
4725781,14,22,232,null
4727650,14,5,282,null
4727526,14,22,374,null
4726998,14,22,282,null
4731586,14,68,374,null
4731756,14,68,294,null
4731234,14,68,328,null
4730540,14,68,374,null
4731095,14,68,340,null
4730708,14,68,22,null
4730079,14,68,322,null
4729400,14,68,374,null
4729381,14,68,374,null
4692863,14,68,322,null
4728842,14,68,22,null
4728974,14,68,374,null
4728843,14,68,340,null
4728728,14,68,12,null
4727774,14,68,423,null
4728292,14,68,294,null
4727839,14,68,294,null
4728435,14,68,12,null
4728102,14,68,22,null
4726473,14,68,364,null
4727045,14,68,374,null
4726996,14,68,22,null
4726541,14,68,22,null
4727001,14,68,340,null
4726543,14,68,22,null
4725981,14,68,294,null
4725338,14,68,294,null
4726364,14,68,340,null
4726098,14,68,22,null
4725639,14,68,282,null
4725505,14,68,232,null
4724197,14,68,282,null
4724713,14,68,22,null
4724803,14,68,294,null
4724257,14,68,86,null
4724258,14,68,22,null
4724317,14,68,374,null
4723829,14,68,22,null
4719496,14,68,364,null
4723690,14,68,282,null
4723377,14,68,22,null
4720533,14,68,282,null
4721564,14,68,22,null
4721127,14,68,374,null
4726547,14,5,232,null
4723929,14,5,374,null
4724241,14,5,282,null
4723460,14,5,374,null
4722918,14,5,282,null
4722929,14,5,374,null
4722419,14,5,282,null
4721544,14,5,282,null
4721289,14,5,282,null
4720074,14,5,374,null
4718905,14,5,374,null
4719484,14,5,203,null
4716575,14,5,374,null
4716525,14,5,374,null
4713450,14,5,282,null
4711656,14,5,282,null
4710917,14,5,282,null
4709803,14,5,282,null
4708201,14,5,282,null
4705638,14,5,185,null
4703554,14,5,282,null
4700257,14,5,282,null
4693370,14,5,75,null
4695019,14,5,374,null
4693019,14,5,374,null
4692705,14,5,282,null
4690927,14,5,282,null
4690327,14,5,374,null
4684555,14,5,374,null
4686169,14,5,232,null
4683755,14,5,282,null
4683507,14,5,282,null
4682868,14,5,344,null
4682136,14,5,282,null
4681682,14,5,282,null
4681016,14,5,282,null
4680459,14,5,374,null
4680243,14,5,282,null
4680159,14,5,12,null
4679712,14,5,282,null
4679700,14,5,98,null
4678480,14,5,328,null
4677238,14,5,374,null
4676715,14,5,19,null
4676690,14,5,423,null
4731100,14,57,55,null
4729768,14,57,33,null
4728625,14,57,280,null
4728206,14,57,29,null
4723251,14,57,79,null
4724665,14,57,370,null
4723344,14,57,70,null
4723167,14,57,232,null
4720078,14,57,12,null
4718363,14,57,216,null
4717941,14,57,392,null
4716009,14,57,282,null
4714753,14,57,399,null
4714159,14,57,261,null
4713208,14,57,374,null
4711883,14,57,374,null
4712584,14,57,334,null
4710106,14,57,419,null
4712228,14,57,57,null
4711708,14,57,159,null
4709367,14,57,12,null
4708258,14,57,416,null
4706881,14,57,359,null
4706872,14,57,336,null
4706851,14,57,395,null
4706568,14,57,134,null
4704518,14,57,374,null
4705219,14,57,282,null
4704075,14,57,122,null
4704057,14,57,32,null
4701967,14,57,308,null
4701131,14,57,40,null
4700295,14,57,248,null
4699118,14,57,400,null
4696661,14,57,372,null
4695398,14,57,374,null
4695315,14,57,283,null
4694838,14,57,374,null
4690889,14,57,419,null
4691246,14,57,374,null
4691620,14,57,293,null
4690821,14,57,356,null
4687489,14,57,374,null
4684755,14,57,374,null
4685669,14,57,341,null
4685571,14,57,91,null
4685082,14,57,374,null
4682944,14,57,374,null
4681858,14,57,242,null
4681455,14,57,12,null
4681072,14,57,90,null
4679662,14,57,338,null
4678170,14,57,232,null
4677862,14,57,374,null
4677286,14,57,377,null
4676460,14,57,340,null
4676316,14,57,382,null
4675298,14,57,374,null
4674612,14,57,266,null
4674162,14,57,282,null
4731966,15,46,410,null
4731666,15,46,23,null
4731239,15,46,76,null
4731618,15,46,76,null
4731720,15,46,303,null
4731562,15,46,23,null
4731417,15,46,410,null
4731173,15,46,76,null
4731461,15,46,410,null
4730828,15,46,76,null
4730978,15,46,410,null
4730792,15,46,76,null
4730591,15,46,102,null
4730514,15,46,410,null
4729899,15,46,123,null
4730782,15,46,410,null
4730400,15,46,76,null
4730522,15,46,102,null
4730444,15,46,76,null
4730363,15,46,76,null
4730238,15,46,23,null
4730063,15,46,410,null
4729331,15,46,76,null
4730012,15,46,76,null
4729860,15,46,410,null
4729600,15,46,23,null
4729877,15,46,76,null
4729595,15,46,23,null
4730195,15,46,133,null
4729376,15,46,410,null
4729140,15,46,76,null
4729193,15,46,23,null
4729390,15,46,76,null
4729691,15,46,133,null
4728528,15,46,76,null
4728872,15,46,76,null
4728801,15,46,23,null
4728622,15,46,133,null
4728618,15,46,23,null
4728127,15,46,76,null
4728459,15,46,76,null
4728342,15,46,388,null
4728397,15,46,76,null
4728093,15,46,76,null
4728021,15,46,123,null
4727719,15,46,133,null
4728284,15,46,23,null
4727583,15,46,23,null
4727296,15,46,76,null
4727555,15,46,76,null
4727609,15,46,23,null
4727673,15,46,76,null
4728211,15,46,92,null
4724806,15,46,410,null
4728028,15,46,133,null
4727469,15,46,345,null
4727493,15,46,23,null
4727346,15,46,388,null
