id_news,id_cd,id_cm,id_author,id_btv
4731575,26,1,436,0
4730586,26,1,190,0
4728189,26,1,412,0
4727226,26,1,190,0
4726910,26,1,445,0
4726825,26,1,445,0
4726734,26,1,188,0
4726674,26,1,188,0
4726512,26,1,188,0
4726517,26,1,445,0
4726299,26,1,188,0
4725522,26,1,188,0
4725176,26,1,412,0
4724466,26,1,195,0
4724678,26,1,188,0
4724673,26,1,188,0
4724697,26,1,445,0
4723352,26,1,188,0
4724376,26,1,445,0
4722542,26,1,445,0
4724555,26,1,155,0
4724126,26,1,188,0
4723578,26,1,188,0
4723758,26,1,235,0
4723747,26,1,235,0
4723697,26,1,235,0
4723653,26,1,445,0
4723475,26,1,445,0
4723314,26,1,188,0
4722702,26,1,188,0
4722553,26,1,188,0
4722127,26,1,188,0
4722116,26,1,150,0
4722101,26,1,190,0
4721864,26,1,445,0
4721119,26,1,188,0
4720580,71,6,220,0
4720576,71,6,220,0
4730391,62,1,48,0
4728776,62,1,138,0
4727338,62,1,252,0
4727666,62,1,167,0
4726526,62,1,48,0
4725938,62,1,436,0
4725087,62,1,48,0
4722346,62,1,284,0
4722368,62,1,411,0
4720515,62,1,252,0
4719789,62,1,190,0
4716201,62,1,252,0
4716708,62,1,319,0
4716307,62,1,437,0
4715120,62,1,62,0
4715012,62,1,436,0
4714748,62,1,422,0
4714913,62,1,422,0
4712213,50,1,225,0
4710281,62,1,225,0
4704675,62,1,289,0
4710987,62,1,257,0
4706806,62,1,436,0
4708507,62,1,436,0
4706839,62,1,436,0
4707479,62,1,412,0
4728878,39,1,190,0
4728396,39,1,317,0
4727775,39,1,317,0
4725728,39,1,317,0
4724214,39,1,317,0
4723755,39,1,317,0
4723372,39,1,190,0
4721909,39,1,317,0
4721672,39,1,166,0
4718674,39,1,317,0
4718366,39,1,105,0
4718197,39,1,317,0
4717892,39,1,128,0
4716340,39,1,47,0
4716860,39,1,190,0
4714204,39,1,317,0
4713466,39,1,190,0
4713378,39,1,317,0
4711887,39,1,190,0
4709649,39,1,190,0
4710409,39,1,190,0
4710015,39,1,190,0
4709217,39,1,257,0
4708996,39,1,317,0
4708959,39,1,190,0
4706957,39,1,252,0
4706826,39,1,317,0
4706493,39,1,190,0
4705994,39,1,190,0
4705816,39,1,18,0
4704736,39,1,190,0
4704051,39,1,256,0
4699617,39,1,190,0
4699362,39,1,190,0
4698838,39,1,317,0
4697818,39,1,190,0
4697337,39,1,317,0
4697074,39,1,317,0
4696449,39,1,317,0
4694686,39,1,317,0
4694846,39,1,190,0
4694132,39,1,257,0
4690502,39,1,190,0
4693564,39,1,317,0
4692379,39,1,43,0
4693236,39,1,190,0
4693188,39,1,166,0
4692714,39,1,190,0
4691082,39,1,317,0
4689944,39,1,190,0
4689365,39,1,317,0
4688955,39,1,317,0
4688744,39,1,190,0
4688064,39,1,190,0
4687960,39,1,317,0
4731861,50,1,169,0
4731932,50,1,47,0
4731254,50,1,437,0
4731021,50,1,437,0
4730568,50,1,437,0
4730488,50,1,252,0
4730409,50,1,272,0
4729893,50,1,47,0
4730246,50,1,47,0
4730239,50,1,412,0
4730082,50,1,67,0
4729523,50,1,47,0
4729280,50,1,225,0
4729307,50,1,272,0
4729017,50,1,47,0
4728768,50,1,437,0
4728424,50,1,257,0
4728184,50,1,438,0
4728349,50,1,47,0
4728236,50,1,67,0
4727728,50,1,437,0
4726467,50,1,47,0
4727200,50,1,193,0
4726969,50,1,445,0
4726580,50,1,47,0
4726152,50,1,67,0
4726071,50,1,437,0
4725979,50,1,67,0
4725985,50,1,257,0
4725771,50,1,252,0
4725365,50,1,272,0
4725148,50,1,272,0
4723243,50,1,378,0
4724610,50,1,47,0
4724366,50,1,47,0
4724182,50,1,437,0
4722671,50,1,339,0
4723979,50,1,347,0
4723875,50,1,347,0
4721731,50,1,47,0
4723781,50,1,67,0
4722978,50,1,67,0
4722882,50,1,252,0
4722352,50,1,445,0
4722392,50,1,190,0
4722322,50,1,67,0
4722069,50,1,47,0
4722162,50,1,437,0
4721979,50,1,445,0
4721919,50,1,272,0
4731850,21,1,441,0
4731470,21,1,289,0
4731410,21,1,150,0
4731177,21,1,150,0
4726768,21,1,150,0
4726300,21,1,210,0
4726037,21,1,150,0
4725990,21,1,150,0
4725255,21,1,441,0
4725802,36,4,284,0
4725097,21,1,289,0
4725074,21,1,150,0
4730094,16,12,365,0
4728333,59,12,333,0
4724332,51,11,186,0
4725944,59,12,241,0
4725611,2,1,259,0
4721897,19,12,442,0
4723342,59,12,442,0
4716363,59,12,442,0
4722665,2,1,259,0
4717380,19,12,442,0
4718936,59,12,365,0
4719285,2,1,259,0
4717144,59,12,111,0
4717406,2,1,259,0
4714795,59,12,333,0
4712733,51,11,186,0
4709626,59,12,241,0
4708532,2,1,335,0
4708280,2,1,335,0
4705692,59,12,111,0
4702907,59,12,111,0
4699874,51,11,186,0
4700493,59,12,333,0
4698010,59,12,442,0
4696671,2,1,259,0
4694380,59,12,241,0
4497711,2,1,386,0
4298894,2,1,386,0
4701607,2,1,8,0
4694645,2,1,259,0
4691660,59,12,333,0
4692171,2,1,272,0
4690941,2,1,259,0
4690917,2,1,259,0
4688498,59,12,442,0
4686883,59,12,111,0
4686217,2,1,259,0
4683642,59,12,333,0
4683822,2,1,187,0
4682504,2,1,187,0
4681370,59,12,241,0
4681905,2,1,171,0
4678724,59,12,442,0
4680135,2,1,170,0
4674795,59,12,241,0
4677641,2,1,259,0
4677414,2,1,259,0
4676286,19,12,2,0
4675811,28,10,400,0
4675832,59,12,333,0
4731772,47,3,25,0
4731581,47,3,25,0
4727792,47,3,25,0
4729603,47,3,433,0
4730746,47,3,28,0
4731049,47,3,25,0
4730741,47,3,28,0
4730038,47,3,28,0
4730330,47,3,28,0
4730292,47,3,162,0
4723528,47,3,26,0
4730035,47,3,273,0
4729342,47,3,25,0
4724796,47,3,25,0
4729555,47,3,273,0
4728487,47,3,26,0
4729375,47,3,26,0
4728875,47,3,28,0
4728916,47,3,25,0
4718416,47,3,433,0
4724765,47,3,28,0
4726611,47,3,26,0
4721613,47,3,433,0
4726419,47,3,433,0
4723724,47,3,433,0
4728393,47,3,433,0
4728422,47,3,25,0
4728448,47,3,273,0
4728374,47,3,28,0
4724095,47,3,433,0
4726828,47,3,28,0
4727941,47,3,28,0
4727494,47,3,433,0
4727549,47,3,26,0
4727332,47,3,433,0
4726344,47,3,273,0
4720259,47,3,433,0
4726569,47,3,28,0
4726593,47,3,25,0
4726478,47,3,273,0
4726149,47,3,25,0
4721884,47,3,265,0
4725892,47,3,396,0
4725757,47,3,52,0
4725221,47,3,433,0
4725285,47,3,25,0
4724527,47,3,433,0
4723421,47,3,25,0
4724290,47,3,28,0
4723882,47,3,26,0
4723448,47,3,25,0
4722036,47,3,28,0
4722522,47,3,25,0
4722479,47,3,28,0
4721855,47,3,25,0
4722723,47,3,25,0
4722507,47,3,433,0
4731568,25,3,28,0
4731128,25,3,433,0
4730742,25,3,433,0
4729837,25,3,433,0
4730291,25,3,25,0
4730285,25,3,433,0
4729616,25,3,25,0
4729817,25,3,25,0
4729807,25,3,28,0
4729349,25,3,433,0
4729323,25,3,28,0
4727963,25,3,25,0
4728877,25,3,433,0
4727949,25,3,433,0
4727590,25,3,25,0
4727053,25,3,433,0
4727278,25,3,25,0
4727040,25,3,25,0
4726571,25,3,433,0
4727057,25,3,396,0
4726576,25,3,433,0
4726139,25,3,433,0
4726134,25,3,28,0
4725208,25,3,28,0
4725685,25,3,25,0
4725660,25,3,28,0
4725684,25,3,52,0
4725052,25,3,25,0
4724984,25,3,28,0
4724744,25,3,433,0
4724301,25,3,433,0
4723906,25,3,25,0
4723859,25,3,28,0
4723437,25,3,433,0
4723679,25,3,28,0
4723445,25,3,28,0
4722770,25,3,433,0
4720725,25,3,28,0
4722557,25,3,28,0
4721651,25,3,28,0
4722258,25,3,28,0
4722044,25,3,433,0
4721194,25,3,25,0
4721175,25,3,28,0
4720748,25,3,433,0
4720759,25,3,25,0
4718625,25,3,28,0
4720280,25,3,25,0
4719859,25,3,25,0
4719365,25,3,25,0
4719353,25,3,433,0
4719168,25,3,28,0
4718904,25,3,25,0
4718425,25,3,25,0
4717970,25,3,433,0
4717469,25,3,433,0
4716108,25,3,28,0
4716546,25,3,433,0
4716929,25,3,28,0
4715884,25,3,433,0
4730101,54,3,265,0
4730165,54,3,64,0
4728489,54,3,26,0
4726218,54,3,26,0
4725920,54,3,26,0
4722544,54,3,26,0
4722355,54,3,396,0
4722401,54,3,326,0
4722320,54,3,25,0
4720625,26,1,220,0
4719614,54,3,25,0
4717403,54,3,64,0
4717056,54,3,25,0
4661184,54,3,26,0
4714474,54,3,244,0
4713965,54,3,26,0
4712063,54,3,45,0
4711053,54,3,26,0
4709957,54,3,26,0
4707118,54,3,26,0
4705781,54,3,26,0
4703038,54,3,26,0
4702758,54,3,26,0
4699984,54,3,26,0
4699581,54,3,275,0
4698165,54,3,26,0
4697829,54,3,273,0
4696232,54,3,25,0
4695908,54,3,26,0
4695233,54,3,26,0
4695136,54,3,52,0
4683359,54,3,26,0
4685644,54,3,244,0
4684789,54,3,64,0
4684057,54,3,26,0
4683198,54,3,26,0
4683366,54,3,25,0
4680526,54,3,205,0
4680081,54,3,45,0
4676517,54,3,64,0
4675753,54,3,396,0
4674701,54,3,45,0
4675033,54,3,64,0
4675011,54,3,326,0
4673953,54,3,26,0
4673803,54,3,25,0
4672885,54,3,26,0
4670193,54,3,26,0
4669542,54,3,64,0
4669552,54,3,326,0
4668267,54,3,214,0
4668201,54,3,64,0
4666147,54,3,265,0
4665718,54,3,396,0
4665060,54,3,396,0
4664298,54,3,26,0
4663915,54,3,26,0
4662283,54,3,273,0
4658697,54,3,25,0
4657222,54,3,26,0
4732008,6,3,26,0
4731885,6,3,28,0
4731858,6,3,265,0
4731683,6,3,26,0
4731617,6,3,26,0
4731596,6,3,265,0
4731448,6,3,52,0
4725252,6,3,265,0
4731301,6,3,273,0
4731197,6,3,265,0
4731153,6,3,265,0
4730936,6,3,396,0
4730791,6,3,26,0
4730876,6,3,26,0
4730836,6,3,244,0
4730743,6,3,26,0
4730624,6,3,396,0
4730411,6,3,244,0
4729582,6,3,26,0
4730452,6,3,26,0
4730416,6,3,396,0
4730341,6,3,26,0
4730317,6,3,26,0
4730271,6,3,244,0
4730071,6,3,396,0
4730073,6,3,26,0
4729607,6,3,396,0
4729430,6,3,396,0
4729362,6,3,265,0
4728993,6,3,273,0
4729154,6,3,26,0
4729062,6,3,265,0
4729028,6,3,396,0
4729122,6,3,396,0
4728746,6,3,244,0
4728377,6,3,26,0
4728276,6,3,26,0
4728218,6,3,396,0
4728202,6,3,265,0
4727714,6,3,26,0
4728061,6,3,26,0
4727980,6,3,265,0
4727717,6,3,265,0
4727993,6,3,26,0
4727730,6,3,396,0
4727537,6,3,26,0
4727516,6,3,265,0
4727312,6,3,265,0
4727126,6,3,26,0
4727074,6,3,265,0
4727055,6,3,26,0
4727015,6,3,273,0
4726610,6,3,26,0
4726608,6,3,265,0
4726345,6,3,396,0
4726173,6,3,26,0
4726148,6,3,396,0
4732003,64,3,175,0
4731626,64,3,175,0
4731873,64,3,273,0
4731782,64,3,26,0
4731766,64,3,64,0
4731675,64,3,64,0
4731635,64,3,64,0
4731567,64,3,175,0
4731504,64,3,175,0
4731499,64,3,175,0
4730458,64,3,175,0
4731221,64,3,64,0
4731400,64,3,52,0
4731371,64,3,52,0
4729455,64,3,175,0
4731264,64,3,273,0
4731206,64,3,64,0
4731188,64,3,175,0
4731184,64,3,52,0
4731138,64,3,52,0
4731112,64,3,175,0
4730984,64,3,175,0
4731108,64,3,64,0
4730455,64,3,52,0
4731080,64,3,64,0
4731064,64,3,64,0
4731043,64,3,64,0
4730797,64,3,64,0
4730858,64,3,64,0
4730958,64,3,175,0
4730802,64,3,175,0
4730589,64,3,175,0
4730751,64,3,175,0
4730752,64,3,52,0
4730750,64,3,64,0
4730551,64,3,175,0
4730407,64,3,64,0
4730264,64,3,64,0
4730297,64,3,175,0
4730396,64,3,52,0
4730312,64,3,52,0
4730273,64,3,64,0
4730265,64,3,64,0
4730193,64,3,175,0
4729854,64,3,64,0
4729966,64,3,175,0
4730160,64,3,64,0
4730010,64,3,175,0
4730050,64,3,64,0
4729865,64,3,52,0
4729831,64,3,175,0
4729809,64,3,52,0
4729793,64,3,305,0
4729456,64,3,52,0
4729763,64,3,52,0
4729719,64,3,52,0
4729710,64,3,52,0
4731947,69,4,176,0
4731948,18,5,354,0
4731930,69,4,176,0
4731863,46,5,140,0
4731709,69,4,140,0
4731481,69,4,44,0
4731284,69,4,176,0
4731191,69,4,140,0
4731115,69,4,140,0
4730920,69,4,140,0
4730985,46,5,354,0
4730256,69,4,176,0
4730734,69,4,140,0
4730735,69,4,140,0
4730374,69,4,140,0
4729641,69,4,176,0
4730272,69,4,140,0
4730159,69,4,140,0
4729830,69,4,140,0
4729917,69,4,311,0
4729840,69,4,140,0
4729801,69,4,140,0
4729804,69,4,140,0
4729688,69,4,140,0
4729757,69,4,384,0
4729335,69,4,140,0
4729336,69,4,140,0
4729203,46,5,354,0
4729142,69,4,140,0
4729130,69,4,176,0
4728876,69,4,140,0
4728823,69,4,10,0
4728694,69,4,176,0
4728520,69,4,176,0
4728613,46,5,140,0
4728564,69,4,176,0
4728433,69,4,140,0
4728340,69,4,311,0
4727961,69,4,140,0
4727751,69,4,140,0
4727548,69,4,140,0
4727420,46,5,354,0
4727348,69,4,176,0
4727445,69,4,140,0
4727281,69,4,140,0
4727133,69,4,140,0
4726857,69,4,176,0
4726942,69,4,176,0
4726612,17,4,384,0
4726450,46,5,354,0
4726371,69,4,140,0
4726881,69,4,140,0
4726666,69,4,140,0
4726584,69,4,140,0
4726502,69,4,140,0
4726324,69,4,176,0
4726216,69,4,140,0
4726091,69,4,401,0
4726080,69,4,401,0
4725782,69,4,176,0
4732061,63,4,352,0
4731884,63,4,203,0
4731865,63,4,203,0
4731903,63,4,313,0
4731805,63,4,71,0
4731663,63,4,295,0
4731256,63,4,292,0
4731669,63,4,71,0
4731449,63,4,295,0
4731921,63,4,294,0
4731054,63,4,408,0
4731431,63,4,49,0
4731271,63,4,49,0
4731093,63,4,34,0
4731083,63,4,71,0
4731290,63,4,311,0
4730838,63,4,71,0
4731063,63,4,34,0
4730946,63,4,311,0
4730687,63,4,71,0
4730877,63,4,323,0
4730673,63,4,71,0
4730479,63,4,71,0
4730429,63,4,71,0
4730397,63,4,294,0
4730019,63,4,322,0
4730176,63,4,34,0
4730100,63,4,71,0
4729955,63,4,71,0
4729943,46,5,49,0
4729778,63,4,311,0
4729713,63,4,408,0
4729852,63,4,322,0
4729682,63,4,34,0
4729409,63,4,49,0
4729629,63,4,71,0
4729251,63,4,295,0
4729698,63,4,322,0
4729609,63,4,322,0
4729366,63,4,294,0
4729540,63,4,53,0
4729438,63,4,203,0
4729367,63,4,24,0
4729308,63,4,322,0
4729306,63,4,322,0
4729277,63,4,311,0
4728991,63,4,295,0
4729146,63,4,71,0
4728926,63,4,71,0
4729249,63,4,203,0
4728188,63,4,364,0
4727823,63,4,24,0
4728603,63,4,71,0
4728309,63,4,322,0
4728432,63,4,71,0
4728412,63,4,311,0
4728551,63,4,295,0
4731831,15,4,311,0
4730988,15,4,71,0
4730684,15,4,322,0
4730579,15,4,71,0
4730130,15,4,311,0
4729777,15,4,311,0
4729652,15,4,71,0
4728987,15,4,311,0
4728541,15,4,311,0
4728242,15,4,71,0
4728034,15,4,311,0
4727899,15,4,311,0
4727798,15,4,311,0
4727380,15,4,311,0
4727350,15,4,311,0
4727029,15,4,71,0
4726853,15,4,71,0
4726595,15,4,311,0
4726505,15,4,311,0
4726407,15,4,311,0
4726319,15,4,311,0
4726177,15,4,311,0
4725506,15,4,311,0
4725055,15,4,71,0
4724688,15,4,71,0
4724603,15,4,311,0
4724341,15,4,322,0
4724134,15,4,71,0
4723960,15,4,322,0
4723713,15,4,311,0
4723549,15,4,311,0
4721865,15,4,311,0
4722775,15,4,71,0
4722321,15,4,71,0
4722389,15,4,322,0
4721899,15,4,311,0
4721443,15,4,71,0
4721038,15,4,311,0
4720083,15,4,311,0
4719298,15,4,427,0
4719670,15,4,71,0
4719125,15,4,311,0
4719202,15,4,311,0
4718697,15,4,311,0
4718694,15,4,71,0
4718249,15,4,311,0
4717785,15,4,71,0
4717200,15,4,71,0
4716011,15,4,71,0
4716768,15,4,71,0
4716604,15,4,311,0
4716373,15,4,311,0
4715939,15,4,71,0
4715505,15,4,311,0
4714662,15,4,71,0
4714222,15,4,71,0
4713852,15,4,311,0
4711083,29,4,71,0
4731710,40,4,311,0
4731654,40,4,322,0
4729960,40,4,203,0
4731081,40,4,34,0
4731059,40,4,401,0
4731034,40,4,294,0
4730999,40,4,294,0
4730790,40,4,322,0
4730658,40,4,322,0
4730653,40,4,322,0
4730128,40,4,294,0
4730129,40,4,294,0
4729566,40,4,84,0
4729156,40,4,294,0
4729368,40,4,364,0
4729630,40,4,294,0
4729395,40,4,203,0
4729385,40,4,322,0
4729275,40,4,322,0
4729271,40,4,401,0
4729126,40,4,203,0
4728598,40,4,294,0
4728814,40,4,207,0
4728321,40,4,203,0
4728595,40,4,294,0
4728568,40,4,53,0
4728597,40,4,294,0
4728491,40,4,53,0
4728600,40,4,294,0
4728298,40,4,322,0
4728085,40,4,322,0
4728070,40,4,294,0
4727731,40,4,311,0
4727551,40,4,401,0
4727693,40,4,294,0
4727729,40,4,322,0
4727605,40,4,364,0
4727553,40,4,294,0
4727444,40,4,322,0
4727230,40,4,203,0
4727155,40,4,294,0
4727184,40,4,322,0
4725044,40,4,322,0
4726644,40,4,423,0
4729369,40,4,294,0
4726491,40,4,401,0
4726339,40,4,423,0
4726474,40,4,294,0
4726343,40,4,322,0
4726309,40,4,294,0
4729066,40,4,294,0
4725350,40,4,203,0
4728602,40,4,294,0
4725587,40,4,203,0
4725111,40,4,71,0
4724186,40,4,401,0
4725043,40,4,322,0
4726094,40,4,294,0
4728599,40,4,294,0
4731946,36,4,34,0
4731891,36,4,34,0
4731725,36,4,292,0
4730928,36,4,292,0
4730601,36,4,10,0
4730649,36,4,292,0
4729927,36,4,414,0
4730167,36,4,292,0
4730222,36,4,34,0
4730206,36,4,243,0
4730163,36,4,243,0
4729934,36,4,34,0
4729892,36,4,10,0
4729903,36,4,188,0
4729705,36,4,292,0
4729387,36,4,34,0
4729234,36,4,34,0
4728881,36,4,34,0
4729097,36,4,34,0
4728301,36,4,10,0
4728245,36,4,34,0
4728036,36,4,292,0
4728162,36,4,34,0
4727989,36,4,292,0
4728005,36,4,154,0
4727912,36,4,34,0
4727882,36,4,292,0
4727892,36,4,34,0
4727808,36,4,292,0
4727649,36,4,347,0
4727755,36,4,252,0
4727297,36,4,10,0
4726957,36,4,34,0
4726528,36,4,34,0
4726464,36,4,10,0
4726256,36,4,10,0
4726009,36,4,401,0
4725777,36,4,18,0
4725790,36,4,34,0
4725195,36,4,34,0
4724236,36,4,10,0
4724148,36,4,10,0
4724084,18,5,174,0
4724048,36,4,10,0
4723769,36,4,10,0
4723820,36,4,34,0
4723708,36,4,34,0
4723611,36,4,188,0
4723634,36,4,34,0
4723497,36,4,78,0
4723439,36,4,243,0
4723102,36,4,154,0
4722697,36,4,292,0
4723011,36,4,436,0
4722397,36,4,10,0
4722232,36,4,176,0
4722179,36,4,34,0
4721991,36,4,292,0
4729364,29,4,409,0
4727770,29,4,322,0
4728653,29,4,313,0
4726750,29,4,313,0
4721170,29,4,255,0
4725992,29,4,3,0
4723947,29,4,278,0
4715354,29,4,125,0
4723007,29,4,71,0
4718839,29,4,384,0
4717923,29,4,311,0
4718055,29,4,322,0
4716819,29,4,322,0
4715584,29,4,322,0
4715753,29,4,322,0
4713390,29,4,218,0
4713770,29,4,322,0
4709407,29,4,427,0
4709858,29,4,140,0
4709869,15,4,71,0
4709337,46,5,309,0
4706360,29,4,106,0
4705794,29,4,71,0
4703551,29,4,322,0
4702238,29,4,322,0
4701852,29,4,237,0
4700803,29,4,322,0
4699524,29,4,322,0
4699438,29,4,71,0
4691129,29,4,350,0
4692999,29,4,322,0
4694256,17,4,156,0
4689956,29,4,384,0
4689115,29,4,348,0
4686135,29,4,322,0
4688779,29,4,311,0
4684943,29,4,124,0
4685952,29,4,435,0
4685813,29,4,322,0
4684484,29,4,322,0
4683075,29,4,255,0
4678761,29,4,173,0
4680200,29,4,116,0
4678786,29,4,221,0
4730690,74,4,322,0
4726358,74,4,203,0
4724562,74,4,322,0
4713666,74,4,322,0
4712079,74,4,401,0
4693566,74,4,251,0
4682271,74,4,322,0
4674943,40,4,401,0
4670014,74,4,322,0
4658933,74,4,401,0
4657677,74,4,322,0
4654693,74,4,401,0
4654383,36,4,10,0
4646427,74,4,401,0
4644642,74,4,401,0
4644587,74,4,401,0
4635455,74,4,269,0
4631400,74,4,269,0
4630255,74,4,401,0
4628459,74,4,269,0
4625043,74,4,311,0
4625257,74,4,243,0
4624793,74,4,401,0
4623859,74,4,401,0
4611578,74,4,401,0
4601981,74,4,401,0
4598463,74,4,71,0
4597997,74,4,401,0
4597260,74,4,269,0
4597444,74,4,401,0
4596359,74,4,269,0
4595591,74,4,269,0
4594407,74,4,401,0
4594641,74,4,401,0
4593361,29,4,71,0
4589733,74,4,269,0
4593539,74,4,237,0
4587536,74,4,269,0
4591789,74,4,401,0
4591569,74,4,269,0
4590383,74,4,269,0
4588958,74,4,175,0
4588860,74,4,269,0
4588577,40,4,401,0
4583943,74,4,269,0
4586839,74,4,192,0
4587085,74,4,269,0
4585060,74,4,401,0
4580818,74,4,269,0
4584411,74,4,269,0
4586163,74,4,269,0
4582095,74,4,269,0
4585282,74,4,269,0
4580632,74,4,269,0
4578131,74,4,269,0
4731917,17,4,34,0
4731919,17,4,295,0
4731664,17,4,401,0
4731415,17,4,34,0
4731360,17,4,295,0
4731282,17,4,34,0
4731392,17,4,295,0
4731305,17,4,49,0
4731276,17,4,295,0
4731169,17,4,401,0
4730986,17,4,295,0
4730833,17,4,295,0
4730089,17,4,253,0
4730881,17,4,401,0
4730536,17,4,295,0
4730520,17,4,34,0
4730438,17,4,346,0
4730364,17,4,401,0
4729940,17,4,401,0
4729723,17,4,34,0
4729513,17,4,295,0
4729119,17,4,295,0
4729270,17,4,440,0
4729056,17,4,313,0
4728684,17,4,295,0
4728705,17,4,10,0
4728426,17,4,295,0
4728125,17,4,295,0
4728082,17,4,401,0
4727831,17,4,295,0
4727754,17,4,49,0
4727594,17,4,313,0
4727694,17,4,34,0
4727447,17,4,311,0
4727794,17,4,295,0
4727481,17,4,295,0
4727342,17,4,401,0
4727178,17,4,295,0
4727242,17,4,295,0
4726514,17,4,34,0
4725987,17,4,295,0
4725929,17,4,284,0
4725947,17,4,295,0
4725524,17,4,295,0
4725961,17,4,295,0
4725412,17,4,401,0
4724983,17,4,313,0
4725259,17,4,295,0
4724503,63,4,295,0
4725090,17,4,49,0
4724997,17,4,34,0
4722046,17,4,292,0
4724716,17,4,34,0
4724967,17,4,295,0
4724537,17,4,285,0
4725059,17,4,295,0
4724543,17,4,289,0
4724248,17,4,384,0
4724200,17,4,295,0
4730602,3,5,204,0
4731708,51,6,46,0
4731116,51,6,246,0
4731012,51,6,46,0
4731044,51,6,46,0
4731127,51,6,246,0
4730737,51,6,246,0
4730729,51,6,246,0
4730730,51,6,246,0
4729836,51,6,246,0
4730275,51,6,246,0
4729806,51,6,46,0
4730276,51,6,246,0
4729810,51,6,46,0
4729802,51,6,246,0
4729896,51,6,46,0
4729333,51,6,246,0
4729338,51,6,246,0
4728884,51,6,246,0
4729267,51,6,46,0
4728865,51,6,246,0
4728867,51,6,246,0
4728897,51,6,46,0
4728383,51,6,246,0
4728385,51,6,46,0
4728387,51,6,46,0
4728381,51,6,246,0
4727482,51,6,246,0
4726378,51,6,46,0
4727940,51,6,246,0
4727492,51,6,46,0
4727811,51,6,46,0
4727943,51,6,246,0
4727484,51,6,246,0
4728064,51,6,269,0
4727491,51,6,246,0
4727485,51,6,246,0
4727509,51,6,46,0
4727497,51,6,46,0
4727023,51,6,246,0
4726933,51,6,46,0
4727027,51,6,246,0
4726889,51,6,246,0
4726613,51,6,374,0
4726692,51,6,46,0
4726691,51,6,246,0
4726130,51,6,246,0
4725217,51,6,246,0
4725836,51,6,46,0
4725664,51,6,246,0
4725598,51,6,201,0
4725212,51,6,246,0
4725129,51,6,46,0
4725214,51,6,246,0
4724748,51,6,246,0
4724764,51,6,46,0
4724745,51,6,246,0
4705861,70,6,46,0
4684315,70,6,46,0
4584409,70,6,246,0
4579996,70,6,246,0
4574839,70,6,246,0
4564924,70,6,104,0
4564546,70,6,246,0
4549786,70,6,246,0
4547411,70,6,246,0
4544364,70,6,246,0
4536067,70,6,104,0
4529548,70,6,104,0
4521763,70,6,104,0
4520579,70,6,246,0
4516111,70,6,246,0
4513248,70,6,246,0
4507687,70,6,104,0
4505341,70,6,104,0
4497749,70,6,246,0
4490714,70,6,104,0
4488104,70,6,87,0
4470430,70,6,246,0
4456442,70,6,246,0
4454436,70,6,246,0
4450654,70,6,246,0
4449404,70,6,246,0
4447978,70,6,246,0
4447497,70,6,246,0
4445569,70,6,246,0
4443946,70,6,246,0
4440264,70,6,246,0
4440383,70,6,246,0
4439781,70,6,246,0
4438789,70,6,246,0
4438777,70,6,104,0
4430346,70,6,246,0
4424140,70,6,246,0
4423831,70,6,246,0
4423423,70,6,246,0
4419027,70,6,246,0
4721192,73,6,246,0
4692878,62,1,81,0
4685929,73,6,314,0
4653974,71,6,373,0
4652708,71,6,373,0
4647752,71,6,373,0
4647357,71,6,373,0
4646084,71,6,373,0
4645301,71,6,373,0
4636960,71,6,373,0
4635166,71,6,373,0
4634307,71,6,373,0
4621512,71,6,373,0
4626549,71,6,373,0
4629423,71,6,373,0
4624074,71,6,373,0
4623841,71,6,373,0
4612831,71,6,373,0
4618517,71,6,373,0
4618757,71,6,373,0
4615200,71,6,373,0
4615709,71,6,373,0
4606817,71,6,373,0
4613176,71,6,373,0
4610172,71,6,373,0
4603726,71,6,373,0
4607660,73,6,46,0
4604020,73,6,24,0
4576752,71,6,373,0
4599733,71,6,373,0
4597942,71,6,373,0
4595205,73,6,246,0
4592697,71,6,373,0
4590488,73,6,246,0
4588253,71,6,373,0
4586746,73,6,246,0
4575097,71,6,373,0
4575541,73,6,104,0
4583527,71,6,373,0
4583523,71,6,373,0
4579033,71,6,373,0
4579161,73,6,104,0
4578695,73,6,246,0
4578241,73,6,104,0
4568723,71,6,373,0
4577601,73,6,246,0
4577623,73,6,246,0
4575853,71,6,373,0
4731718,53,6,246,0
4730436,53,6,46,0
4730199,53,6,246,0
4727026,34,6,46,0
4728394,53,6,46,0
4727487,53,6,46,0
4727065,53,6,46,0
4727942,53,6,246,0
4727021,53,6,246,0
4726436,53,6,46,0
4725213,53,6,246,0
4724746,53,6,246,0
4724750,53,6,246,0
4724282,53,6,246,0
4723403,53,6,246,0
4722027,53,6,246,0
4722030,53,6,46,0
4721523,53,6,246,0
4719828,53,6,246,0
4719853,53,6,246,0
4719330,53,6,246,0
4717433,53,6,246,0
4717961,53,6,246,0
4718228,53,6,436,0
4717434,53,6,246,0
4716920,53,6,246,0
4716523,53,6,246,0
4715994,53,6,246,0
4714833,53,6,246,0
4715262,53,6,246,0
4713862,53,6,246,0
4713538,53,6,246,0
4711853,53,6,246,0
4711837,53,6,246,0
4711373,53,6,46,0
4710484,53,6,46,0
4709699,53,6,246,0
4709215,53,6,246,0
4706433,53,6,46,0
4707832,53,6,246,0
4707345,53,6,46,0
4707443,53,6,246,0
4706582,53,6,246,0
4706586,53,6,246,0
4726564,34,6,46,0
4726153,34,6,46,0
4725222,34,6,46,0
4723865,34,6,46,0
4702094,34,6,46,0
4691323,34,6,46,0
4676575,34,6,46,0
4671337,34,6,46,0
4669221,34,6,46,0
4668448,34,6,46,0
4731836,10,7,330,0
4731383,10,7,119,0
4731629,10,7,119,0
4731576,10,7,164,0
4731793,10,7,119,0
4728899,10,7,68,0
4731593,10,7,119,0
4731003,10,7,27,0
4731440,10,7,119,0
4731401,10,7,330,0
4731170,10,7,164,0
4730149,10,7,331,0
4730904,10,7,330,0
4730779,10,7,164,0
4730496,10,7,330,0
4730181,10,7,164,0
4730486,10,7,119,0
4730349,10,7,164,0
4726609,10,7,27,0
4729876,10,7,119,0
4729112,10,7,330,0
4729717,10,7,331,0
4729018,10,7,330,0
4729075,10,7,140,0
4729504,10,7,119,0
4729096,10,7,164,0
4729109,10,7,119,0
4728770,10,7,330,0
4728915,10,7,119,0
4727588,10,7,140,0
4728829,10,7,119,0
4728789,10,7,330,0
4728711,10,7,114,0
4728548,10,7,331,0
4728679,10,7,119,0
4728418,10,7,119,0
4728356,10,7,331,0
4728527,10,7,119,0
4728534,10,7,331,0
4728428,10,7,58,0
4727982,10,7,27,0
4728455,10,7,164,0
4723793,10,7,330,0
4728015,10,7,114,0
4728139,10,7,164,0
4728239,10,7,119,0
4727593,10,7,330,0
4727984,10,7,164,0
4726225,10,7,208,0
4727591,10,7,164,0
4727248,43,7,267,0
4711046,43,7,194,0
4726782,43,7,267,0
4726402,43,7,208,0
4725857,43,7,331,0
4724522,43,7,114,0
4723623,43,7,194,0
4724028,43,7,119,0
4723419,43,7,164,0
4723282,43,7,208,0
4716635,43,7,267,0
4722619,43,7,267,0
4722354,43,7,267,0
4722384,43,7,431,0
4721557,43,7,330,0
4721227,43,7,114,0
4720582,43,7,114,0
4719089,43,7,13,0
4720046,43,7,114,0
4719957,43,7,267,0
4718556,43,7,208,0
4719082,43,7,431,0
4718527,43,7,13,0
4717891,43,7,140,0
4714527,43,7,267,0
4715672,43,7,164,0
4715707,43,7,330,0
4716022,43,7,140,0
4715154,43,7,208,0
4715206,43,7,431,0
4715086,43,7,208,0
4714904,43,7,391,0
4714959,43,7,140,0
4714721,43,7,208,0
4701479,43,7,95,0
4707752,43,7,194,0
4730879,52,7,431,0
4731672,52,7,430,0
4731611,52,7,267,0
4731395,52,7,431,0
4731281,52,7,431,0
4731289,52,7,387,0
4730566,52,7,267,0
4730494,52,7,431,0
4730537,52,7,119,0
4730440,52,7,267,0
4730024,52,7,431,0
4727826,52,7,267,0
4729408,52,7,267,0
4729081,52,7,267,0
4729001,52,7,267,0
4727723,52,7,267,0
4728259,52,7,431,0
4727992,52,7,431,0
4727702,52,7,431,0
4727625,52,7,267,0
4727523,52,7,267,0
4727235,52,7,431,0
4709430,52,7,119,0
4726649,52,7,164,0
4726600,52,7,119,0
4726451,52,7,267,0
4726067,52,7,431,0
4724835,52,7,267,0
4726039,52,7,431,0
4725398,52,7,69,0
4725377,52,7,431,0
4725210,52,7,267,0
4724883,52,7,119,0
4724416,52,7,267,0
4720677,52,7,168,0
4724477,52,7,119,0
4723689,52,7,267,0
4723266,52,7,431,0
4722230,52,7,267,0
4722172,52,7,431,0
4721772,52,7,431,0
4721337,52,7,267,0
4721380,52,7,164,0
4720975,52,7,267,0
4731372,65,7,27,0
4731379,65,7,140,0
4730884,65,7,140,0
4731419,65,7,330,0
4731260,65,7,160,0
4730766,65,7,27,0
4730549,65,7,330,0
4730251,65,7,140,0
4729904,65,7,27,0
4730491,65,7,27,0
4730139,65,7,330,0
4727324,65,7,140,0
4729446,65,7,431,0
4729189,65,7,431,0
4728817,65,7,260,0
4728832,65,7,431,0
4728807,65,7,315,0
4728642,65,7,330,0
4727454,65,7,140,0
4726376,65,7,140,0
4725726,65,7,355,0
4725935,65,7,27,0
4725592,65,7,431,0
4725364,65,7,330,0
4725449,65,7,140,0
4721699,65,7,27,0
4720687,65,7,431,0
4720324,65,7,140,0
4720354,65,7,208,0
4720296,65,7,330,0
4720343,65,7,69,0
4719870,65,7,27,0
4718964,65,7,27,0
4719142,65,7,140,0
4718100,65,7,119,0
4717995,65,7,27,0
4717906,65,7,119,0
4717815,65,7,61,0
4717853,65,7,140,0
4717866,65,7,140,0
4717826,65,7,140,0
4716797,65,7,164,0
4716707,65,7,330,0
4716542,65,7,431,0
4716018,65,7,208,0
4708576,65,7,330,0
4715134,65,7,140,0
4714428,65,7,330,0
4712550,65,7,330,0
4711399,65,7,431,0
4709751,65,7,267,0
4709730,65,7,160,0
4709740,65,7,267,0
4710038,65,7,179,0
4709331,65,7,27,0
4709067,65,7,164,0
4731690,48,7,130,0
4731729,48,7,444,0
4731363,48,7,119,0
4729417,48,7,27,0
4729008,48,7,444,0
4728729,48,7,330,0
4728163,48,7,119,0
4727705,48,7,207,0
4727727,48,7,207,0
4727665,48,7,127,0
4727777,48,7,119,0
4727122,48,7,69,0
4726471,48,7,330,0
4726477,48,7,444,0
4725540,48,7,207,0
4725423,48,7,444,0
4725735,48,7,207,0
4725113,48,7,444,0
4719660,48,7,207,0
4728362,48,7,331,0
4715664,48,7,119,0
4714514,48,7,119,0
4713339,48,7,114,0
4707303,48,7,263,0
4706709,48,7,130,0
4702245,48,7,130,0
4704986,48,7,130,0
4704497,48,7,119,0
4703080,48,7,160,0
4698957,48,7,119,0
4690190,48,7,160,0
4689163,48,7,130,0
4687408,48,7,130,0
4686660,48,7,68,0
4685848,48,7,127,0
4682147,48,7,130,0
4672737,48,7,263,0
4663509,48,7,263,0
4661600,48,7,130,0
4660309,48,7,207,0
4653701,48,7,119,0
4654918,48,7,119,0
4654632,48,7,130,0
4647751,48,7,27,0
4651339,48,7,423,0
4646579,48,7,130,0
4645868,48,7,27,0
4645924,48,7,130,0
4644315,48,7,444,0
4641655,48,7,423,0
4640115,48,7,444,0
4638453,48,7,330,0
4637823,48,7,119,0
4634317,48,7,41,0
4631262,48,7,286,0
4633104,48,7,27,0
4631413,48,7,423,0
4630654,48,7,423,0
4627946,48,7,423,0
4628101,48,7,27,0
4627515,48,7,130,0
4627485,48,7,119,0
4626891,48,7,114,0
4625527,48,7,69,0
4622746,48,7,130,0
4732022,44,7,208,0
4731728,44,7,208,0
4731422,44,7,208,0
4730844,44,7,114,0
4730573,44,7,208,0
4730014,44,7,208,0
4728283,44,7,208,0
4727726,44,7,114,0
4728493,44,7,208,0
4727902,44,7,431,0
4726348,44,7,114,0
4723588,44,7,164,0
4723665,44,7,431,0
4722858,44,7,114,0
4722171,44,7,208,0
4721701,44,7,267,0
4720906,44,7,208,0
4721139,44,7,272,0
4717609,44,7,431,0
4716795,44,7,208,0
4715138,44,7,119,0
4714467,44,7,160,0
4714157,44,7,190,0
4713389,44,7,164,0
4713375,44,7,431,0
4713183,44,7,431,0
4712616,44,7,208,0
4711667,44,7,119,0
4709488,44,7,114,0
4710704,44,7,119,0
4710650,44,7,140,0
4708589,44,7,431,0
4710748,44,7,140,0
4704491,44,7,208,0
4709002,44,7,114,0
4709013,44,7,208,0
4708425,44,7,27,0
4707890,44,7,119,0
4708031,44,7,431,0
4704164,44,7,208,0
4707438,44,7,140,0
4705769,44,7,114,0
4704161,44,7,164,0
4706260,44,7,208,0
4706308,44,7,431,0
4705032,44,7,114,0
4731960,24,8,36,0
4731974,24,8,36,0
4731972,24,8,118,0
4731967,24,8,118,0
4731915,24,8,36,0
4731965,24,8,118,0
4731962,24,8,118,0
4731167,24,8,318,0
4731896,24,8,36,0
4731678,24,8,118,0
4731934,24,8,158,0
4731491,24,8,288,0
4731378,24,8,36,0
4731375,24,8,118,0
4731348,24,8,357,0
4731235,24,8,385,0
4731070,24,8,318,0
4731041,24,8,318,0
4730856,24,8,302,0
4730595,24,8,50,0
4730352,24,8,288,0
4730642,24,8,288,0
4730369,24,8,158,0
4730268,24,8,36,0
4730261,24,8,36,0
4730662,24,8,129,0
4730143,24,8,36,0
4729776,24,8,318,0
4729937,24,8,158,0
4729905,24,8,118,0
4729738,24,8,318,0
4729781,24,8,36,0
4729392,24,8,318,0
4729363,24,8,118,0
4729114,24,8,318,0
4729317,24,8,118,0
4729022,24,8,318,0
4729178,24,8,158,0
4729118,24,8,288,0
4729263,24,8,288,0
4729051,24,8,36,0
4729059,24,8,118,0
4728855,24,8,118,0
4728850,24,8,36,0
4721758,24,8,118,0
4725948,24,8,118,0
4728629,24,8,36,0
4728537,24,8,288,0
4728560,24,8,121,0
4728307,24,8,121,0
4728256,58,8,403,0
4727906,24,8,50,0
4727925,58,8,318,0
4727645,24,8,36,0
4731866,51,8,118,0
4731834,51,8,197,0
4728854,51,8,236,0
4730039,38,8,314,0
4729724,57,8,197,0
4730941,51,8,6,0
4730703,51,8,118,0
4731952,27,8,357,0
4731590,27,8,357,0
4731344,27,8,357,0
4730722,27,8,357,0
4730398,27,8,357,0
4730368,27,8,357,0
4729784,27,8,357,0
4728810,27,8,357,0
4728925,27,8,357,0
4728367,27,8,357,0
4727972,27,8,357,0
4727861,27,8,357,0
4727745,27,8,357,0
4727400,27,8,357,0
4727105,27,8,357,0
4726840,27,8,357,0
4726200,27,8,357,0
4726220,27,8,357,0
4725296,27,8,357,0
4724894,27,8,357,0
4724809,58,8,357,0
4724497,27,8,357,0
4724267,27,8,357,0
4724250,27,8,118,0
4723920,27,8,357,0
4723517,27,8,357,0
4723501,27,8,357,0
4723397,27,8,357,0
4723290,27,8,357,0
4723002,27,8,357,0
4722782,27,8,357,0
4722227,27,8,357,0
4722208,27,8,357,0
4721972,27,8,357,0
4721635,27,8,357,0
4721549,27,8,357,0
4721529,27,8,357,0
4721298,27,8,357,0
4720787,27,8,357,0
4720701,27,8,357,0
4719926,27,8,357,0
4719618,27,8,357,0
4719479,27,8,357,0
4719090,27,8,357,0
4719086,27,8,357,0
4718574,27,8,357,0
4718516,27,8,357,0
4718125,27,8,357,0
4718120,27,8,357,0
4717955,27,8,357,0
4717123,27,8,357,0
4717046,27,8,357,0
4716677,27,8,357,0
4716697,27,8,357,0
4716368,27,8,357,0
4716253,27,8,357,0
4715817,27,8,357,0
4715795,27,8,357,0
4715326,27,8,357,0
4715311,27,8,357,0
4731745,31,8,302,0
4731910,31,8,227,0
4731507,31,8,65,0
4731457,31,8,227,0
4731458,31,8,227,0
4731302,31,8,302,0
4731286,31,8,227,0
4730169,31,8,251,0
4731102,31,8,118,0
4730944,31,8,227,0
4730894,31,8,302,0
4730596,31,8,227,0
4730584,31,8,302,0
4730477,31,8,227,0
4730125,31,8,121,0
4729967,31,8,288,0
4729869,31,8,50,0
4730142,31,8,227,0
4729898,31,8,50,0
4729716,31,8,288,0
4729541,31,8,288,0
4729644,31,8,227,0
4729615,31,8,302,0
4728721,31,8,50,0
4728767,31,8,227,0
4728766,31,8,227,0
4728574,31,8,50,0
4728639,31,8,227,0
4728637,31,8,227,0
4728052,31,8,50,0
4727895,31,8,302,0
4727443,31,8,50,0
4727599,31,8,302,0
4727349,31,8,110,0
4727403,51,8,227,0
4726784,31,8,227,0
4726765,31,8,50,0
4726411,31,8,50,0
4726417,31,8,50,0
4726393,31,8,65,0
4726413,31,8,227,0
4726115,31,8,50,0
4726108,31,8,50,0
4726100,31,8,50,0
4726492,31,8,302,0
4726056,31,8,50,0
4726014,31,8,50,0
4726002,58,8,118,0
4725901,31,8,50,0
4725712,31,8,50,0
4725847,31,8,227,0
4725846,31,8,227,0
4724531,31,8,263,0
4725415,31,8,227,0
4725262,31,8,50,0
4725258,31,8,302,0
4725123,31,8,412,0
4731374,58,8,118,0
4730228,58,8,118,0
4729959,58,8,318,0
4729703,58,8,318,0
4729316,58,8,118,0
4728310,58,8,118,0
4727498,58,8,318,0
4726554,58,8,118,0
4726391,58,8,121,0
4726038,58,8,288,0
4726031,58,8,118,0
4725999,58,8,118,0
4725906,58,8,296,0
4725382,58,8,118,0
4725000,24,8,158,0
4724671,58,8,318,0
4724676,58,8,121,0
4724253,24,8,118,0
4724271,58,8,118,0
4721992,58,8,121,0
4721851,58,8,288,0
4719584,58,8,318,0
4719258,58,8,318,0
4717432,58,8,36,0
4717334,58,8,121,0
4716548,58,8,118,0
4715720,58,8,118,0
4715603,58,8,318,0
4714819,58,8,118,0
4714692,58,8,318,0
4714759,58,8,36,0
4714744,58,8,118,0
4714543,58,8,118,0
4714329,58,8,118,0
4713953,58,8,35,0
4713611,58,8,288,0
4713470,24,8,121,0
4713133,58,8,118,0
4713101,58,8,121,0
4712694,58,8,129,0
4711937,31,8,118,0
4711550,58,8,288,0
4711395,58,8,118,0
4710999,58,8,296,0
4731944,55,10,400,0
4731933,51,10,346,0
4731759,51,10,38,0
4731498,51,10,222,0
4730821,51,10,182,0
4731443,51,10,222,0
4731096,55,10,181,0
4730863,51,10,181,0
4731325,55,10,400,0
4731182,51,10,394,0
4730923,51,10,389,0
4731060,51,10,222,0
4730987,51,10,394,0
4730981,51,10,400,0
4730778,55,10,400,0
4730699,55,10,400,0
4730657,55,10,400,0
4730512,51,10,394,0
4730475,51,10,222,0
4730242,51,10,222,0
4730127,51,10,389,0
4730033,51,10,181,0
4730197,51,10,155,0
4730077,51,10,400,0
4729803,51,10,181,0
4729649,51,10,362,0
4729880,51,10,38,0
4729821,51,10,24,0
4729702,55,10,400,0
4729437,51,10,178,0
4728994,51,10,400,0
4729746,51,10,181,0
4729645,55,10,400,0
4729704,51,10,178,0
4729693,51,10,289,0
4729518,51,10,389,0
4729172,51,10,389,0
4729235,55,10,181,0
4728717,55,10,222,0
4729013,51,10,193,0
4728818,51,10,181,0
4728252,51,10,38,0
4728519,51,10,375,0
4728168,51,10,346,0
4726988,51,10,224,0
4728486,51,10,181,0
4728473,51,10,394,0
4728253,51,10,398,0
4728314,51,10,346,0
4728084,55,10,181,0
4727632,51,10,394,0
4728316,51,10,181,0
4728183,51,10,332,0
4726962,51,10,24,0
4727871,51,10,178,0
4727776,55,10,400,0
4727810,51,10,178,0
4727796,51,10,394,0
4731340,7,10,229,0
4730993,7,10,181,0
4731232,28,10,222,0
4730154,61,10,229,0
4731308,7,10,291,0
4729939,7,10,400,0
4730032,7,10,222,0
4729432,7,10,222,0
4729029,7,10,222,0
4728846,7,10,400,0
4728607,7,10,222,0
4728678,28,10,394,0
4728241,28,10,389,0
4727664,28,10,368,0
4724072,7,10,222,0
4726427,28,10,222,0
4726534,28,10,379,0
4726076,7,10,222,0
4725179,28,10,222,0
4723804,7,10,222,0
4724419,28,10,400,0
4719296,28,10,368,0
4722652,7,10,222,0
4723016,28,10,394,0
4722456,28,10,222,0
4722326,28,10,400,0
4721966,28,10,368,0
4721031,28,10,222,0
4717095,7,10,198,0
4720397,28,10,222,0
4719892,28,10,222,0
4719055,7,10,368,0
4719156,7,10,222,0
4719100,28,10,307,0
4718657,28,10,24,0
4717822,28,10,222,0
4717688,61,10,181,0
4716578,7,10,222,0
4715788,28,10,222,0
4714794,7,10,222,0
4715527,28,10,394,0
4715168,28,10,394,0
4713713,7,10,229,0
4714276,28,10,400,0
4713765,28,10,222,0
4713782,28,10,222,0
4712741,7,10,222,0
4711742,7,10,222,0
4711419,7,10,222,0
4710284,28,10,181,0
4709606,28,10,181,0
4708539,28,10,394,0
4710237,28,10,400,0
4705932,7,10,222,0
4709656,28,10,181,0
4709179,7,10,368,0
4708081,28,10,394,0
4707337,28,10,368,0
4706438,28,10,181,0
4730158,7,10,207,0
4730558,7,10,222,0
4730052,7,10,389,0
4730151,7,10,389,0
4728414,7,10,229,0
4727641,7,10,222,0
4728165,7,10,375,0
4726931,7,10,375,0
4727313,7,10,389,0
4727258,7,10,229,0
4727076,7,10,181,0
4727315,7,10,389,0
4725512,7,10,24,0
4724601,7,10,229,0
4725475,7,10,222,0
4725335,7,10,229,0
4725578,7,10,389,0
4724492,7,10,222,0
4723565,7,10,38,0
4723544,7,10,222,0
4723502,6,3,26,0
4721473,7,10,229,0
4721956,7,10,432,0
4721209,7,10,389,0
4721032,7,10,389,0
4720509,51,10,220,0
4720187,7,10,389,0
4719384,7,10,400,0
4718682,7,10,222,0
4720057,7,10,389,0
4718686,7,10,432,0
4717706,7,10,229,0
4717619,7,10,394,0
4718031,7,10,38,0
4716715,7,10,222,0
4716969,7,10,24,0
4725519,55,10,394,0
4725300,55,10,14,0
4724363,51,10,181,0
4723376,51,10,224,0
4721458,51,10,343,0
4722343,51,10,394,0
4720872,55,10,222,0
4719646,51,10,181,0
4720131,55,10,181,0
4719790,51,10,394,0
4718930,51,10,212,0
4715789,51,10,400,0
4716432,13,10,400,0
4715936,51,10,11,0
4715596,13,10,212,0
4715420,51,10,394,0
4714931,51,10,349,0
4713808,13,10,424,0
4706102,13,10,393,0
4704983,13,10,14,0
4698004,13,10,270,0
4691522,13,10,16,0
4692674,13,10,270,0
4692033,51,10,181,0
4687134,13,10,394,0
4689363,13,10,222,0
4685795,13,10,222,0
4683972,13,10,113,0
4682857,13,10,360,0
4680717,13,10,400,0
4679494,13,10,224,0
4678697,13,10,181,0
4677073,13,10,226,0
4672642,13,10,14,0
4673277,13,10,400,0
4673013,13,10,181,0
4671855,13,10,181,0
4670726,13,10,222,0
4670733,13,10,240,0
4669483,13,10,14,0
4669910,13,10,400,0
4668148,13,10,400,0
4667149,13,10,389,0
4665395,13,10,99,0
4667312,13,10,400,0
4667723,13,10,394,0
4665828,13,10,394,0
4664118,13,10,394,0
4663483,13,10,400,0
4659644,13,10,400,0
4657224,13,10,249,0
4657897,13,10,213,0
4657702,13,10,394,0
4657361,13,10,181,0
4655400,13,10,394,0
4731532,61,10,56,0
4729685,61,10,31,0
4731185,61,10,353,0
4730188,61,10,239,0
4730585,61,10,54,0
4729598,61,10,24,0
4728723,61,10,56,0
4728722,61,10,56,0
4728289,61,10,100,0
4727247,61,10,304,0
4726370,61,10,56,0
4725884,61,10,56,0
4725145,61,10,380,0
4724327,61,10,31,0
4723965,61,10,389,0
4722426,61,10,442,0
4721432,61,10,38,0
4721334,61,10,56,0
4721321,61,10,56,0
4720327,61,10,442,0
4720051,61,10,56,0
4718577,61,10,304,0
4718295,61,10,31,0
4717546,61,10,31,0
4715974,61,10,442,0
4714977,61,10,56,0
4713700,61,10,56,0
4712885,61,10,56,0
4712618,61,10,439,0
4711821,61,10,31,0
4709952,61,10,342,0
4711411,61,10,56,0
4709501,61,10,368,0
4710991,61,10,56,0
4707973,61,10,368,0
4710297,61,10,56,0
4710582,61,10,31,0
4710285,61,10,31,0
4710008,61,10,31,0
4708914,61,10,442,0
4708119,61,10,56,0
4707877,61,10,389,0
4706660,61,10,229,0
4707323,61,10,31,0
4706762,61,10,31,0
4705866,61,10,17,0
4704601,61,10,442,0
4700988,61,10,38,0
4703593,61,10,222,0
4703276,61,10,56,0
4703120,61,10,31,0
4697560,61,10,408,0
4701384,61,10,304,0
4701385,61,10,56,0
4700941,61,10,31,0
4700599,61,10,56,0
4700014,61,10,56,0
4731702,30,10,276,0
4728134,30,10,276,0
4726904,30,10,131,0
4726619,30,10,131,0
4724971,30,10,265,0
4722527,30,10,276,0
4721857,30,10,131,0
4720281,30,10,131,0
4719510,30,10,276,0
4718226,30,10,131,0
4657920,30,10,83,0
4657696,30,10,108,0
4655896,30,10,83,0
4653623,30,10,276,0
4650561,30,10,59,0
4649971,30,10,24,0
4648421,30,10,276,0
4648420,30,10,276,0
4648056,30,10,276,0
4645535,30,10,276,0
4645823,30,10,131,0
4645650,30,10,276,0
4645524,30,10,276,0
4645329,30,10,316,0
4643344,30,10,83,0
4643275,30,10,131,0
4642823,30,10,131,0
4642388,30,10,276,0
4641680,30,10,131,0
4640360,30,10,329,0
4640455,30,10,327,0
4639736,30,10,316,0
4639278,30,10,276,0
4638790,30,10,83,0
4637399,30,10,108,0
4637398,30,10,131,0
4637203,30,10,329,0
4636084,30,10,131,0
4635186,30,10,329,0
4635185,30,10,59,0
4634741,30,10,276,0
4633791,30,10,59,0
4632909,30,10,276,0
4632316,30,10,329,0
4631905,30,10,276,0
4631642,30,10,59,0
4630747,30,10,59,0
4629325,30,10,131,0
4628103,30,10,131,0
4628204,30,10,131,0
4627953,30,10,276,0
4626484,30,10,329,0
4626399,30,10,327,0
4625125,30,10,59,0
4623794,30,10,276,0
4622841,30,10,287,0
4623279,30,10,59,0
4622288,30,10,108,0
4620992,30,10,404,0
4620506,30,10,108,0
4730331,51,11,186,0
4729828,51,11,209,0
4731830,51,11,4,0
4731895,51,11,425,0
4731869,51,11,445,0
4731841,51,11,4,0
4731732,51,11,186,0
4731691,51,11,284,0
4731471,51,11,425,0
4731047,51,11,323,0
4731475,51,11,183,0
4731452,51,11,183,0
4731418,51,11,425,0
4731268,35,11,183,0
4731267,51,11,4,0
4731335,51,11,209,0
4731319,51,11,174,0
4731310,51,11,209,0
4731246,51,11,183,0
4731126,51,11,186,0
4731181,51,11,425,0
4731132,51,11,186,0
4731028,51,11,405,0
4731051,51,11,230,0
4731036,51,11,209,0
4730960,51,11,425,0
4730964,51,11,272,0
4730878,51,11,183,0
4730898,51,11,272,0
4730798,51,11,174,0
4730842,51,11,443,0
4730800,51,11,4,0
4730688,51,11,183,0
4730701,51,11,190,0
4730557,51,11,186,0
4729160,51,11,186,0
4730675,51,11,4,0
4730395,51,11,405,0
4730671,51,11,183,0
4730571,51,11,425,0
4730519,51,11,183,0
4730495,51,11,425,0
4730485,51,11,425,0
4730489,51,11,425,0
4730244,51,11,209,0
4730003,51,11,4,0
4730231,51,11,425,0
4730408,51,11,183,0
4729054,51,11,323,0
4730217,51,11,425,0
4730036,51,11,425,0
4730086,51,11,4,0
4730034,51,11,37,0
4729983,51,11,346,0
4729974,51,11,183,0
4727845,60,11,323,0
4721666,60,11,323,0
4722851,60,11,304,0
4723579,60,11,269,0
4722133,60,11,323,0
4721717,60,11,323,0
4720660,60,11,186,0
4718944,60,11,323,0
4718799,60,11,183,0
4717856,60,11,186,0
4715752,60,11,186,0
4716286,60,11,405,0
4713056,60,11,405,0
4714104,60,11,229,0
4713265,60,11,304,0
4713180,60,11,186,0
4713223,60,11,304,0
4712921,60,11,229,0
4712782,60,11,209,0
4710777,60,11,405,0
4709210,60,11,186,0
4708870,60,11,229,0
4708594,60,11,304,0
4706443,60,11,405,0
4706708,60,11,186,0
4707565,60,11,4,0
4707316,60,11,4,0
4703636,60,11,9,0
4707120,60,11,405,0
4706531,60,11,304,0
4706412,60,11,405,0
4700551,60,11,209,0
4701753,60,11,304,0
4701642,60,11,4,0
4701212,60,11,304,0
4700745,60,11,304,0
4700577,60,11,425,0
4700132,60,11,53,0
4699383,60,11,304,0
4699384,60,11,304,0
4698971,60,11,304,0
4697069,60,11,21,0
4693822,60,11,304,0
4691289,60,11,251,0
4693170,60,11,425,0
4692948,60,11,186,0
4691776,60,11,4,0
4688901,60,11,301,0
4689895,60,11,304,0
4687041,35,11,186,0
4683672,60,11,301,0
4680980,60,11,269,0
4679131,60,11,405,0
4677256,60,11,405,0
4731636,14,11,4,0
4725756,14,11,405,0
4730358,14,11,209,0
4730883,14,11,4,0
4730422,14,11,4,0
4730179,14,11,323,0
4730334,14,11,66,0
4730454,14,11,4,0
4729514,14,11,4,0
4729002,14,11,263,0
4726250,14,11,367,0
4728665,14,11,304,0
4726144,14,11,405,0
4727123,14,11,263,0
4720124,14,11,263,0
4726615,14,11,304,0
4726618,14,11,304,0
4725669,14,11,186,0
4725124,14,11,323,0
4725688,14,11,209,0
4725192,14,11,405,0
4723462,14,11,186,0
4723496,14,11,323,0
4723945,14,11,323,0
4724181,14,11,4,0
4724114,14,11,263,0
4722881,14,11,405,0
4721839,14,11,263,0
4722854,14,11,304,0
4722856,14,11,304,0
4722365,14,11,263,0
4714019,14,11,323,0
4722299,14,11,405,0
4720538,14,11,323,0
4722370,14,11,263,0
4722120,14,11,4,0
4721830,14,11,209,0
4720760,14,11,186,0
4721650,14,11,229,0
4720960,14,11,405,0
4721114,14,11,304,0
4720818,14,11,323,0
4720338,14,11,304,0
4720081,14,11,4,0
4720117,14,11,4,0
4720135,14,11,263,0
4719088,14,11,4,0
4718996,14,11,4,0
4718356,14,11,4,0
4717059,14,11,186,0
4718134,14,11,263,0
4718291,14,11,263,0
4716371,14,11,323,0
4717893,14,11,323,0
4716848,14,11,405,0
4715997,14,11,323,0
4716594,14,11,4,0
4714416,14,11,186,0
4726506,35,11,405,0
4728894,23,11,425,0
4730180,23,11,144,0
4718290,23,11,144,0
4726508,35,11,405,0
4725640,23,11,209,0
4726661,35,11,405,0
4726837,51,11,425,0
4723316,51,11,183,0
4723615,51,11,425,0
4722262,51,11,405,0
4719519,35,11,425,0
4717082,51,11,425,0
4714034,51,11,186,0
4713262,35,11,183,0
4712591,23,11,199,0
4712505,23,11,351,0
4711631,51,11,186,0
4710559,35,11,183,0
4710557,51,11,183,0
4703672,23,11,4,0
4692743,35,11,183,0
4684369,23,11,425,0
4683410,23,11,304,0
4683404,23,11,304,0
4682409,23,11,4,0
4681402,23,11,351,0
4679359,23,11,405,0
4679523,23,11,4,0
4651734,51,11,186,0
4670500,51,11,183,0
4666229,23,11,425,0
4664986,51,11,183,0
4650346,23,11,186,0
4649008,35,11,183,0
4647832,23,11,4,0
4646584,23,11,144,0
4645727,23,11,144,0
4643661,14,11,4,0
4639769,14,11,405,0
4638951,14,11,4,0
4638272,23,11,405,0
4638156,23,11,405,0
4731433,35,11,425,0
4724520,35,11,405,0
4731172,35,11,250,0
4729144,35,11,405,0
4731674,16,12,258,0
4731425,16,12,65,0
4731409,16,12,65,0
4731391,16,12,65,0
4730943,16,12,65,0
4730337,16,12,258,0
4730021,16,12,442,0
4730636,16,12,426,0
4730259,16,12,111,0
4730327,16,12,189,0
4729973,16,12,258,0
4729639,16,12,65,0
4729658,16,12,111,0
4729468,16,12,65,0
4728378,16,12,407,0
4728546,16,12,241,0
4728484,16,12,65,0
4728353,16,12,189,0
4728585,16,12,442,0
4728136,16,12,65,0
4728066,16,12,407,0
4727651,16,12,65,0
4726926,16,12,321,0
4727791,16,12,65,0
4727689,16,12,111,0
4727677,16,12,111,0
4727398,16,12,65,0
4726852,16,12,111,0
4727344,16,12,65,0
4726831,16,12,111,0
4726479,16,12,426,0
4726801,16,12,111,0
4726735,16,12,65,0
4725120,16,12,241,0
4726013,16,12,65,0
4725079,16,12,241,0
4725581,16,12,111,0
4724944,16,12,65,0
4724941,16,12,111,0
4724426,16,12,407,0
4724650,16,12,111,0
4724594,16,12,426,0
4721789,16,12,111,0
4724192,16,12,426,0
4724207,16,12,442,0
4724050,16,12,111,0
4722803,16,12,241,0
4722315,16,12,407,0
4722895,16,12,407,0
4730546,59,12,365,0
4731354,59,12,189,0
4731394,59,12,258,0
4730563,59,12,333,0
4731218,59,12,258,0
4731099,59,12,77,0
4725234,59,12,189,0
4730787,59,12,250,0
4729750,59,12,407,0
4729775,59,12,2,0
4729351,59,12,407,0
4729196,59,12,258,0
4729032,59,12,189,0
4729024,59,12,258,0
4726781,59,12,111,0
4728108,59,12,294,0
4727483,59,12,407,0
4726684,59,12,365,0
4726846,59,12,258,0
4726606,59,12,333,0
4724105,59,12,407,0
4725801,59,12,258,0
4725808,59,12,258,0
4725980,59,12,65,0
4725833,59,12,189,0
4721916,59,12,241,0
4725739,59,12,407,0
4721781,59,12,333,0
4724909,59,12,111,0
4724432,59,12,365,0
4721712,59,12,365,0
4723749,59,12,77,0
4723178,59,12,258,0
4723258,59,12,258,0
4720883,59,12,365,0
4722993,59,12,189,0
4722757,59,12,189,0
4722713,59,12,258,0
4722226,59,12,111,0
4721086,59,12,77,0
4720652,59,12,189,0
4715190,59,12,241,0
4719696,59,12,365,0
4716610,59,12,365,0
4718685,59,12,77,0
4718367,59,12,111,0
4715545,59,12,310,0
4717681,59,12,258,0
4717503,59,12,365,0
4717419,59,12,111,0
4716983,59,12,189,0
4717112,59,12,407,0
4717060,59,12,407,0
4731832,19,12,426,0
4728986,19,12,408,0
4731166,19,12,407,0
4730218,19,12,241,0
4730435,19,12,77,0
4730650,19,12,77,0
4730421,19,12,258,0
4729515,19,12,77,0
4727762,19,12,111,0
4725874,19,12,165,0
4728086,19,12,322,0
4726983,19,12,333,0
4727994,19,12,365,0
4728212,19,12,189,0
4721931,19,12,323,0
4727019,19,12,407,0
4721933,19,12,323,0
4721934,19,12,323,0
4726423,19,12,301,0
4725989,19,12,65,0
4725013,19,12,436,0
4721935,19,12,323,0
4725298,19,12,258,0
4725100,19,12,165,0
4725002,19,12,258,0
4724919,19,12,77,0
4724619,19,12,408,0
4721936,19,12,323,0
4723948,19,12,189,0
4724480,19,12,426,0
4724646,19,12,408,0
4721937,19,12,323,0
4722989,19,12,365,0
4724004,19,12,258,0
4723499,19,12,407,0
4723364,19,12,189,0
4721938,19,12,323,0
4722630,19,12,258,0
4723054,19,12,189,0
4722824,19,12,77,0
4721940,19,12,323,0
4722341,19,12,426,0
4721902,19,12,77,0
4721900,19,12,426,0
4720308,19,12,333,0
4721800,19,12,204,0
4721465,19,12,426,0
4721066,19,12,426,0
4719404,19,12,364,0
4720633,19,12,252,0
4720599,19,12,258,0
4720510,19,12,407,0
4720160,19,12,407,0
4717535,19,12,241,0
4720331,19,12,364,0
4719276,19,12,111,0
4729683,20,12,408,0
4729245,20,12,53,0
4726251,20,12,364,0
4728704,20,12,189,0
4727203,20,12,245,0
4728001,20,12,24,0
4727608,20,12,189,0
4727757,20,12,87,0
4727353,20,12,408,0
4727566,20,12,407,0
4725570,20,12,53,0
4724892,20,12,294,0
4722868,20,12,407,0
4725850,20,12,24,0
4724879,20,12,53,0
4722746,20,12,294,0
4722748,20,12,258,0
4721941,20,12,53,0
4721996,20,12,189,0
4721750,20,12,258,0
4720810,20,12,207,0
4719877,20,12,408,0
4720275,20,12,423,0
4719031,20,12,207,0
4717881,20,12,189,0
4716447,20,12,407,0
4718130,20,12,245,0
4717329,20,12,207,0
4716445,20,12,407,0
4715146,20,12,258,0
4715865,20,12,408,0
4715784,20,12,179,0
4714981,20,12,189,0
4715033,20,12,53,0
4714585,20,12,77,0
4714109,20,12,207,0
4713273,20,12,189,0
4712841,20,12,408,0
4712331,20,12,189,0
4712351,20,12,189,0
4709317,20,12,207,0
4709913,20,12,207,0
4710829,20,12,189,0
4710487,20,12,407,0
4710510,20,12,207,0
4709297,20,12,408,0
4709355,20,12,65,0
4709432,20,12,364,0
4706878,20,12,408,0
4731587,9,13,243,0
4731614,9,13,146,0
4731148,9,13,126,0
4728737,9,13,368,0
4730896,9,13,146,0
4731222,9,13,146,0
4730652,9,13,146,0
4730054,9,13,269,0
4729729,9,13,314,0
4729206,9,13,24,0
4729004,9,13,269,0
4728512,9,13,146,0
4726409,51,13,146,0
4728215,9,13,243,0
4727172,9,13,381,0
4727960,9,13,269,0
4727844,9,13,204,0
4727505,9,13,254,0
4726868,9,13,243,0
4726727,9,13,115,0
4727561,9,13,408,0
4726438,9,13,428,0
4725071,51,13,146,0
4726976,9,13,126,0
4726362,9,13,269,0
4727080,9,13,204,0
4724579,9,13,269,0
4726320,4,13,166,0
4721004,4,13,231,0
4731429,67,13,366,0
4731178,51,13,368,0
4729194,67,13,30,0
4729105,67,13,146,0
4728041,67,13,269,0
4727369,67,13,269,0
4727190,67,13,146,0
4723073,67,13,136,0
4723064,67,13,146,0
4722832,67,13,408,0
4719798,9,13,422,0
4718193,67,13,146,0
4713880,67,13,126,0
4713194,67,13,243,0
4712518,51,13,243,0
4711389,51,13,243,0
4709062,67,13,366,0
4709347,67,13,243,0
4708999,67,13,146,0
4707905,67,13,243,0
4707494,67,13,243,0
4705573,67,13,243,0
4704502,67,13,243,0
4703046,67,13,243,0
4701531,67,13,146,0
4700388,67,13,146,0
4699001,51,13,243,0
4698818,67,13,146,0
4725103,4,13,30,0
4728726,4,13,265,0
4728588,4,13,243,0
4727502,4,13,243,0
4725897,4,13,243,0
4725050,4,13,243,0
4723157,4,13,243,0
4719303,51,13,264,0
4718693,4,13,146,0
4718624,4,13,366,0
4718103,4,13,12,0
4715498,4,13,366,0
4715589,4,13,30,0
4716321,4,13,243,0
4716130,4,13,243,0
4702442,9,13,363,0
4715347,4,13,408,0
4714792,4,13,243,0
4713805,4,13,200,0
4713977,4,13,243,0
4712789,4,13,30,0
4712387,4,13,63,0
4712448,4,13,243,0
4711402,4,13,243,0
4711090,4,13,12,0
4708868,4,13,243,0
4706743,4,13,30,0
4704852,4,13,366,0
4704877,4,13,243,0
4703985,4,13,243,0
4698712,4,13,217,0
4701157,4,13,243,0
4700860,4,13,358,0
4689747,4,13,217,0
4697475,4,13,368,0
4696079,4,13,368,0
4693043,4,13,30,0
4731798,22,14,374,0
4731950,22,14,232,0
4731464,22,14,282,0
4731874,22,14,232,0
4731853,22,14,232,0
4731535,22,14,22,0
4731577,22,14,232,0
4708158,22,14,232,0
4731536,22,14,22,0
4731334,22,14,282,0
4731164,22,14,374,0
4731671,22,14,294,0
4731411,22,14,282,0
4731405,22,14,282,0
4731314,22,14,282,0
4731247,22,14,328,0
4731161,22,14,282,0
4731101,22,14,232,0
4730696,22,14,374,0
4731077,22,14,211,0
4731031,22,14,232,0
4730841,22,14,374,0
4730809,22,14,374,0
4730709,22,14,22,0
4730367,22,14,282,0
4730383,22,14,374,0
4730350,22,14,374,0
4730318,22,14,374,0
4730067,22,14,374,0
4729765,22,14,22,0
4729901,22,14,374,0
4729748,22,14,232,0
4729845,22,14,374,0
4729219,22,14,22,0
4729421,22,14,132,0
4729310,22,14,22,0
4729453,22,14,282,0
4729315,22,14,232,0
4729353,22,14,374,0
4729155,22,14,374,0
4729312,22,14,232,0
4728904,22,14,374,0
4727784,22,14,374,0
4728796,22,14,12,0
4728628,22,14,232,0
4728745,22,14,12,0
4728709,22,14,12,0
4728623,22,14,12,0
4728467,22,14,328,0
4728334,22,14,282,0
4728490,22,14,328,0
4728331,22,14,282,0
4727451,22,14,374,0
4728020,22,14,282,0
4727898,22,14,374,0
4725781,22,14,232,0
4727650,5,14,282,0
4727526,22,14,374,0
4726998,22,14,282,0
4731586,68,14,374,0
4731756,68,14,294,0
4731234,68,14,328,0
4730540,68,14,374,0
4731095,68,14,340,0
4730708,68,14,22,0
4730079,68,14,322,0
4729400,68,14,374,0
4729381,68,14,374,0
4692863,68,14,322,0
4728842,68,14,22,0
4728974,68,14,374,0
4728843,68,14,340,0
4728728,68,14,12,0
4727774,68,14,423,0
4728292,68,14,294,0
4727839,68,14,294,0
4728435,68,14,12,0
4728102,68,14,22,0
4726473,68,14,364,0
4727045,68,14,374,0
4726996,68,14,22,0
4726541,68,14,22,0
4727001,68,14,340,0
4726543,68,14,22,0
4725981,68,14,294,0
4725338,68,14,294,0
4726364,68,14,340,0
4726098,68,14,22,0
4725639,68,14,282,0
4725505,68,14,232,0
4724197,68,14,282,0
4724713,68,14,22,0
4724803,68,14,294,0
4724257,68,14,86,0
4724258,68,14,22,0
4724317,68,14,374,0
4723829,68,14,22,0
4719496,68,14,364,0
4723690,68,14,282,0
4723377,68,14,22,0
4720533,68,14,282,0
4721564,68,14,22,0
4721127,68,14,374,0
4726547,5,14,232,0
4723929,5,14,374,0
4724241,5,14,282,0
4723460,5,14,374,0
4722918,5,14,282,0
4722929,5,14,374,0
4722419,5,14,282,0
4721544,5,14,282,0
4721289,5,14,282,0
4720074,5,14,374,0
4718905,5,14,374,0
4719484,5,14,203,0
4716575,5,14,374,0
4716525,5,14,374,0
4713450,5,14,282,0
4711656,5,14,282,0
4710917,5,14,282,0
4709803,5,14,282,0
4708201,5,14,282,0
4705638,5,14,185,0
4703554,5,14,282,0
4700257,5,14,282,0
4693370,5,14,75,0
4695019,5,14,374,0
4693019,5,14,374,0
4692705,5,14,282,0
4690927,5,14,282,0
4690327,5,14,374,0
4684555,5,14,374,0
4686169,5,14,232,0
4683755,5,14,282,0
4683507,5,14,282,0
4682868,5,14,344,0
4682136,5,14,282,0
4681682,5,14,282,0
4681016,5,14,282,0
4680459,5,14,374,0
4680243,5,14,282,0
4680159,5,14,12,0
4679712,5,14,282,0
4679700,5,14,98,0
4678480,5,14,328,0
4677238,5,14,374,0
4676715,5,14,19,0
4676690,5,14,423,0
4731100,57,14,55,0
4729768,57,14,33,0
4728625,57,14,280,0
4728206,57,14,29,0
4723251,57,14,79,0
4724665,57,14,370,0
4723344,57,14,70,0
4723167,57,14,232,0
4720078,57,14,12,0
4718363,57,14,216,0
4717941,57,14,392,0
4716009,57,14,282,0
4714753,57,14,399,0
4714159,57,14,261,0
4713208,57,14,374,0
4711883,57,14,374,0
4712584,57,14,334,0
4710106,57,14,419,0
4712228,57,14,57,0
4711708,57,14,159,0
4709367,57,14,12,0
4708258,57,14,416,0
4706881,57,14,359,0
4706872,57,14,336,0
4706851,57,14,395,0
4706568,57,14,134,0
4704518,57,14,374,0
4705219,57,14,282,0
4704075,57,14,122,0
4704057,57,14,32,0
4701967,57,14,308,0
4701131,57,14,40,0
4700295,57,14,248,0
4699118,57,14,400,0
4696661,57,14,372,0
4695398,57,14,374,0
4695315,57,14,283,0
4694838,57,14,374,0
4690889,57,14,419,0
4691246,57,14,374,0
4691620,57,14,293,0
4690821,57,14,356,0
4687489,57,14,374,0
4684755,57,14,374,0
4685669,57,14,341,0
4685571,57,14,91,0
4685082,57,14,374,0
4682944,57,14,374,0
4681858,57,14,242,0
4681455,57,14,12,0
4681072,57,14,90,0
4679662,57,14,338,0
4678170,57,14,232,0
4677862,57,14,374,0
4677286,57,14,377,0
4676460,57,14,340,0
4676316,57,14,382,0
4675298,57,14,374,0
4674612,57,14,266,0
4674162,57,14,282,0
4731966,46,15,410,0
4731666,46,15,23,0
4731239,46,15,76,0
4731618,46,15,76,0
4731720,46,15,303,0
4731562,46,15,23,0
4731417,46,15,410,0
4731173,46,15,76,0
4731461,46,15,410,0
4730828,46,15,76,0
4730978,46,15,410,0
4730792,46,15,76,0
4730591,46,15,102,0
4730514,46,15,410,0
4729899,46,15,123,0
4730782,46,15,410,0
4730400,46,15,76,0
4730522,46,15,102,0
4730444,46,15,76,0
4730363,46,15,76,0
4730238,46,15,23,0
4730063,46,15,410,0
4729331,46,15,76,0
4730012,46,15,76,0
4729860,46,15,410,0
4729600,46,15,23,0
4729877,46,15,76,0
4729595,46,15,23,0
4730195,46,15,133,0
4729376,46,15,410,0
4729140,46,15,76,0
4729193,46,15,23,0
4729390,46,15,76,0
4729691,46,15,133,0
4728528,46,15,76,0
4728872,46,15,76,0
4728801,46,15,23,0
4728622,46,15,133,0
4728618,46,15,23,0
4728127,46,15,76,0
4728459,46,15,76,0
4728342,46,15,388,0
4728397,46,15,76,0
4728093,46,15,76,0
4728021,46,15,123,0
4727719,46,15,133,0
4728284,46,15,23,0
4727583,46,15,23,0
4727296,46,15,76,0
4727555,46,15,76,0
4727609,46,15,23,0
4727673,46,15,76,0
4728211,46,15,92,0
4724806,46,15,410,0
4728028,46,15,133,0
4727469,46,15,345,0
4727493,46,15,23,0
4727346,46,15,388,0
